station,case,prompt,run,briefing,scannability,clarity,actionability
Hynes Convention Center,fully_inaccessible,A,1,"Hynes Convention Center station is currently **not wheelchair accessible** from street to platform. Due to ongoing Green Line C Branch shuttle service for infrastructure upgrades, riders needing accessible travel should utilize nearby D branch service at Reser station and avoid shuttle bus stops at Saint Mary’s Street, Kent Street, or Brandon Hall.

Green Line C Branch service is currently operating with shuttle buses replacing trains between Kenmore and Cleveland Circle through Sunday, May 17. Please note that the shuttle bus service will not stop at Saint Mary's Street, Kent Street, or Brandon Hall.",3,3,3
Hynes Convention Center,fully_inaccessible,A,2,"Hynes Convention Center station is currently not wheelchair accessible. Due to ongoing Green Line C Branch shuttle bus service replacing train travel between Kenmore and Cleveland Circle, riders needing accessible options should utilize nearby D branch service at Reser station and avoid shuttle stops at Saint Mary’s Street, Kent Street, or Brandon Hall.

Green Line C Branch service is operating with shuttle buses instead of trains through Sunday, May 17, for infrastructure upgrades. Please note that shuttle bus service will not be available at Saint Mary’s Street, Kent Street, or Brandon Hall in both directions.",2,3,2
Hynes Convention Center,fully_inaccessible,A,3,"Hynes Convention Center station is currently **not wheelchair accessible**. Due to ongoing Green Line C Branch shuttle service between Kenmore and Cleveland Circle, riders needing accessible service should utilize shuttle bus service at the next nearest stop, as service will not be available at Saint Mary’s Street, Kent Street, or Brandon Hall, or alternatively, use nearby D branch service at Reser.

There is currently a shuttle bus replacing Green Line C Branch service between Kenmore and Cleveland Circle through Sunday, May 17. Please note that shuttle bus service will not stop at Saint Mary’s Street, Kent Street, or Brandon Hall.",2,2,2
Hynes Convention Center,fully_inaccessible,A,4,"Hynes Convention Center station is currently not wheelchair accessible. Due to infrastructure upgrades, Green Line C Branch service is operating with shuttle buses, but these shuttles will not stop at Saint Mary’s Street, Kent Street, or Brandon Hall; riders should use the next nearest shuttle stop instead, and consider utilizing nearby D branch service at Reser.

There is a service alert for the Green Line C Branch, with shuttle buses replacing regular service between Kenmore and Cleveland Circle through Sunday, May 17. This shuttle bus service impacts accessibility, as it does not stop at certain locations.",2,2,2
Hynes Convention Center,fully_inaccessible,A,5,"Hynes Convention Center station is currently **not wheelchair accessible** per GTFS data. Due to Green Line C Branch shuttle bus service replacing regular trains between Kenmore and Cleveland Circle, riders needing accessible alternatives should utilize nearby D branch service at Reser station and avoid Saint Mary’s Street, Kent Street, and Brandon Hall shuttle stops.

The Green Line C Branch is currently operating with shuttle buses instead of trains between Kenmore and Cleveland Circle through Sunday, May 17 for infrastructure upgrades. Please note that shuttle buses will not stop at Saint Mary’s Street, Kent Street, or Brandon Hall.",3,2,2
Hynes Convention Center,fully_inaccessible,A,6,"Hynes Convention Center station is currently not wheelchair accessible. Due to ongoing Green Line C Branch shuttle bus service between Kenmore and Cleveland Circle, riders needing accessible travel should utilize the next nearest shuttle bus stop and consider using nearby D branch service at Reser.

The Green Line C Branch is operating with shuttle buses replacing train service through Sunday, May 17, and these shuttle buses will not stop at Saint Mary’s Street, Kent Street, or Brandon Hall—requiring riders to board at alternate stops.",3,3,2
Hynes Convention Center,fully_inaccessible,A,7,"Hynes Convention Center station is currently not wheelchair accessible. Due to infrastructure upgrades, Green Line C Branch service is operating via shuttle buses, but shuttle bus service will not be available at Saint Mary’s Street, Kent Street, or Brandon Hall; riders should utilize the next nearest shuttle bus stop instead, or consider utilizing nearby D branch service at Reser.

A shuttle bus is replacing Green Line C Branch service between Kenmore and Cleveland Circle through Sunday, May 17. Please note that accessibility may be impacted by this shuttle service, as outlined above.",3,3,2
Hynes Convention Center,fully_inaccessible,A,8,"Hynes Convention Center station is currently not wheelchair accessible. Due to ongoing Green Line C Branch shuttle bus service between Kenmore and Cleveland Circle, riders needing accessible alternatives should utilize shuttle bus service at the next nearest stop, rather than Saint Mary’s Street, Kent Street, or Brandon Hall. Consider using nearby D branch service at Reser as an alternate.

The Green Line C Branch is operating with shuttle buses replacing train service between Kenmore and Cleveland Circle through Sunday, May 17, impacting accessibility at several stops. Please note that shuttle buses will not stop at Saint Mary’s Street, Kent Street, or Brandon Hall.",2,2,2
Hynes Convention Center,fully_inaccessible,A,9,"Hynes Convention Center station is currently not wheelchair accessible. Due to infrastructure upgrades, Green Line C Branch service is operating with shuttle buses between Kenmore and Cleveland Circle, but shuttle buses will *not* stop at Saint Mary’s Street, Kent Street, or Brandon Hall; riders should utilize the next nearest shuttle bus stop instead, or consider nearby D branch service at Reser.

There is a service alert for the Green Line C Branch, where shuttle buses are replacing regular service. Riders should be aware that shuttle bus service will not be available at several stops, requiring an adjustment to their route.",2,3,2
Hynes Convention Center,fully_inaccessible,A,10,"Hynes Convention Center station is currently **not wheelchair accessible** from street to platform. Due to Green Line C Branch shuttle service replacing train travel between Kenmore and Cleveland Circle, riders requiring accessible shuttle bus service should utilize the next nearest stop instead of Saint Mary’s Street, Kent Street, or Brandon Hall. Nearby D branch service at Reser station is also encouraged as an alternate. 

Green Line C Branch service is operating with shuttle buses instead of trains through Sunday, May 17, for infrastructure upgrades. Please note that accessible shuttle bus service will not be available at Saint Mary’s Street, Kent Street, or Brandon Hall.",2,2,2
Hynes Convention Center,fully_inaccessible,A,11,"Hynes Convention Center station is currently **not wheelchair accessible** from street to platform. Due to ongoing Green Line C Branch shuttle bus service replacing train travel between Kenmore and Cleveland Circle, riders needing accessible options should utilize nearby D branch service at Reser station and avoid shuttle bus stops at Saint Mary’s Street, Kent Street, or Brandon Hall.

There is a service alert for the Green Line C Branch; shuttle buses are replacing train service through Sunday, May 17, and these buses are not accessible. One escalator is operational between the Kenmore & West platform and the paid lobby.",3,2,3
Hynes Convention Center,fully_inaccessible,A,12,"Hynes Convention Center station is currently **not wheelchair accessible** from street to platform. Due to Green Line C Branch shuttle bus service replacing train service between Kenmore and Cleveland Circle, riders needing accessible travel should utilize nearby D branch service at Reser station and avoid Saint Mary’s Street, Kent Street, or Brandon Hall shuttle stops.

A shuttle bus is currently in place for the Green Line C Branch, replacing train service between Kenmore and Cleveland Circle through Sunday, May 17 for infrastructure upgrades; accessible shuttle bus service will not be available at Saint Mary’s Street, Kent Street, or Brandon Hall.",3,3,4
Hynes Convention Center,fully_inaccessible,A,13,"Hynes Convention Center station is currently not wheelchair accessible. Due to ongoing Green Line C Branch shuttle service between Kenmore and Cleveland Circle, riders needing accessible service should utilize shuttle bus service at the next nearest stop, as service is not available at Saint Mary’s Street, Kent Street, or Brandon Hall, or consider utilizing nearby D branch service at Reser.

Green Line C Branch service is currently operating with shuttle buses replacing trains between Kenmore and Cleveland Circle through Sunday, May 17. Please note that shuttle bus service is unavailable at specific stops along this route.",2,2,2
Hynes Convention Center,fully_inaccessible,A,14,"Hynes Convention Center station is currently not wheelchair accessible. Due to ongoing Green Line C Branch shuttle bus service replacing train travel between Kenmore and Cleveland Circle, riders requiring accessible shuttle bus service should utilize the next nearest stop instead of Saint Mary’s Street, Kent Street, or Brandon Hall.

There is a service alert for the Green Line C Branch; shuttle buses are replacing train service through Sunday, May 17. Riders are also encouraged to utilize nearby D branch service at Reser.",2,2,2
Hynes Convention Center,fully_inaccessible,A,15,"Hynes Convention Center station is currently **not wheelchair accessible** from street to platform. Due to Green Line C Branch shuttle bus service replacing train travel between Kenmore and Cleveland Circle, riders needing accessible options should utilize the next nearest shuttle bus stop (not Saint Mary’s Street, Kent Street, or Brandon Hall) or consider using nearby D branch service at Reser.

Currently, Green Line C Branch service is operating with shuttle buses instead of trains due to infrastructure upgrades through Sunday, May 17. Please note that shuttle bus service is unavailable at Saint Mary’s Street, Kent Street, and Brandon Hall.",3,2,2
Hynes Convention Center,fully_inaccessible,A,16,"Hynes Convention Center station is currently **not wheelchair accessible**. Due to ongoing Green Line C Branch shuttle service replacing train travel, riders needing accessible options should utilize nearby D branch service at Reser station instead.

Green Line C Branch service is operating with shuttle buses between Kenmore and Cleveland Circle through May 17, and shuttle bus service will *not* be available at Saint Mary’s Street, Kent Street, or Brandon Hall. Riders needing accessible travel should plan accordingly and utilize the next nearest shuttle bus stop or alternative routes.",3,2,2
Hynes Convention Center,fully_inaccessible,A,17,"Hynes Convention Center station is currently **not wheelchair accessible** from street to platform. Due to Green Line C Branch shuttle bus service replacing regular train service between Kenmore and Cleveland Circle, riders needing accessible service should utilize shuttle bus service at the next nearest stop (not Saint Mary’s Street, Kent Street, or Brandon Hall) or consider using nearby D branch service at Reser.

Green Line C Branch service is currently operating with shuttle buses instead of trains through Sunday, May 17, for infrastructure upgrades. Accessibility is impacted as shuttle buses will not stop at Saint Mary’s Street, Kent Street, or Brandon Hall.",3,2,2
Hynes Convention Center,fully_inaccessible,A,18,"Hynes Convention Center station is currently not wheelchair accessible. Due to ongoing Green Line C Branch shuttle bus service between Kenmore and Cleveland Circle, riders needing accessible alternatives should utilize shuttle bus service at the next nearest stop, avoiding Saint Mary’s Street, Kent Street, or Brandon Hall, and consider using nearby D branch service at Reser.

Green Line C Branch service is currently operating with shuttle buses replacing trains between Kenmore and Cleveland Circle through Sunday, May 17, for infrastructure upgrades. Accessibility is limited on the shuttle buses, so plan accordingly.",3,3,2
Hynes Convention Center,fully_inaccessible,A,19,"Hynes Convention Center station is currently **not wheelchair accessible** from street to platform. Due to infrastructure upgrades, Green Line C Branch service is operating via shuttle buses, but these buses will not stop at Saint Mary’s Street, Kent Street, or Brandon Hall; riders should utilize the next nearest shuttle bus stop instead and consider using nearby D branch service at Reser.

The Green Line C Branch is currently operating with shuttle bus service between Kenmore and Cleveland Circle through Sunday, May 17, replacing regular train service. This shuttle bus service has limited accessibility at certain stops.",3,2,2
Hynes Convention Center,fully_inaccessible,A,20,"Hynes Convention Center station is currently not wheelchair accessible. Due to infrastructure upgrades, Green Line C Branch service is operating with shuttle buses between Kenmore and Cleveland Circle; however, shuttle bus service will not be available at Saint Mary’s Street, Kent Street, or Brandon Hall – riders should use the next nearest shuttle bus stop instead, or consider utilizing nearby D branch service at Reser. 

A single escalator is operational (""Hynes Convention Center Escalator 315 (Kenmore & West platform to paid lobby)""), but the station itself remains not accessible.",3,2,2
Hynes Convention Center,fully_inaccessible,B,1,"• Accessibility status: Not accessible street-to-platform; utilize nearby D branch service at Reser.
• Service disruptions: Green Line C Branch service is replaced by shuttle buses between Kenmore and Cleveland Circle; shuttle buses will not stop at Saint Mary’s Street, Kent Street, or Brandon Hall.",5,4,4
Hynes Convention Center,fully_inaccessible,B,2,"• Accessibility status: This station is not wheelchair accessible. Riders needing accessible service should utilize nearby D branch service at Reser.
• Service disruptions: Green Line C Branch service is operating on a shuttle bus route between Kenmore and Cleveland Circle; shuttle buses will not stop at Saint Mary’s Street, Kent Street, or Brandon Hall.",5,4,4
Hynes Convention Center,fully_inaccessible,B,3,"• Accessibility status: This station is not wheelchair accessible. Riders needing accessible service should utilize nearby D branch service at Reser.
• Service disruptions: Green Line C Branch service is operating with shuttle buses replacing trains between Kenmore and Cleveland Circle; shuttle buses will not stop at Saint Mary’s Street, Kent Street, or Brandon Hall.",5,4,4
Hynes Convention Center,fully_inaccessible,B,4,"• Accessibility status: The station is not wheelchair accessible. Riders needing accessible service should utilize nearby D branch service at Reser.
• Service disruptions: Green Line C Branch service is operating on a shuttle bus route between Kenmore and Cleveland Circle, with limited shuttle bus stops; accessible shuttle bus service is unavailable at Saint Mary’s Street, Kent Street, and Brandon Hall.",5,4,4
Hynes Convention Center,fully_inaccessible,B,5,"• Accessibility status: The station is not wheelchair accessible. Riders needing accessible travel should utilize nearby D branch service at Reser.
• Service disruptions: Green Line C Branch service is replaced by shuttle buses between Kenmore and Cleveland Circle; shuttle buses will not stop at Saint Mary’s Street, Kent Street, or Brandon Hall.",5,4,4
Hynes Convention Center,fully_inaccessible,B,6,"• Accessibility status: This station is not wheelchair accessible. Riders needing accessible travel should utilize nearby D branch service at Reser.
• Service disruptions: Green Line C Branch service is replaced by shuttle buses between Kenmore and Cleveland Circle; shuttle buses are unavailable at Saint Mary’s Street, Kent Street, and Brandon Hall.",5,4,4
Hynes Convention Center,fully_inaccessible,B,7,"• Accessibility status: Not accessible street-to-platform. Riders should utilize nearby D branch service at Reser.
• Service disruptions: Green Line C Branch service is operating with shuttle buses replacing service between Kenmore and Cleveland Circle; shuttle buses are not stopping at Saint Mary’s Street, Kent Street, or Brandon Hall.",5,3,3
Hynes Convention Center,fully_inaccessible,B,8,"• Accessibility status: This station is not wheelchair accessible. Riders needing accessible travel should utilize nearby D branch service at Reser.
• Service disruptions: Green Line C Branch service is operating with shuttle buses replacing trains; shuttle bus service is unavailable at Saint Mary’s Street, Kent Street, and Brandon Hall.",5,4,4
Hynes Convention Center,fully_inaccessible,B,9,"• Accessibility status: The station is not wheelchair accessible. Riders needing accessible service should utilize nearby D branch service at Reser.
• Service disruptions: Green Line C Branch service is operating via shuttle buses between Kenmore and Cleveland Circle, with limited shuttle bus stops; accessibility is not guaranteed on the shuttle.",5,4,4
Hynes Convention Center,fully_inaccessible,B,10,"• Accessibility status: The station is not wheelchair accessible. Riders needing accessible service should utilize nearby D branch service at Reser.
• Service disruptions: Green Line C Branch service is replaced by shuttle buses between Kenmore and Cleveland Circle; shuttle buses will not stop at Saint Mary’s Street, Kent Street, or Brandon Hall.",5,4,4
Hynes Convention Center,fully_inaccessible,B,11,"• Accessibility status: This station is not wheelchair accessible. Riders needing accessible service should utilize nearby D branch service at Reser.
• Service disruptions: Green Line C Branch service is operating with shuttle buses replacing trains between Kenmore and Cleveland Circle; shuttle buses will not stop at Saint Mary’s Street, Kent Street, or Brandon Hall.",5,4,4
Hynes Convention Center,fully_inaccessible,B,12,"• Accessibility status: This station is not wheelchair accessible. Riders needing accessible service should utilize nearby D branch service at Reser.
• Service disruptions: Green Line C Branch service is operating with a shuttle bus replacement between Kenmore and Cleveland Circle; shuttle buses will not stop at Saint Mary’s Street, Kent Street, or Brandon Hall.",5,4,4
Hynes Convention Center,fully_inaccessible,B,13,"• Accessibility status: Not accessible street-to-platform. Utilize nearby D branch service at Reser.
• Service disruptions: Green Line C Branch service is operating via shuttle buses between Kenmore and Cleveland Circle, with limited shuttle bus stops; accessibility is impacted.",5,3,2
Hynes Convention Center,fully_inaccessible,B,14,"• Accessibility status: The station is not wheelchair accessible. Riders needing accessible travel should utilize nearby D branch service at Reser.
• Service disruptions: Green Line C Branch service is operating via shuttle buses between Kenmore and Cleveland Circle; shuttle buses will not stop at Saint Mary’s Street, Kent Street, or Brandon Hall.",5,4,4
Hynes Convention Center,fully_inaccessible,B,15,"• Accessibility status: The station is not wheelchair accessible. Riders needing accessible service should utilize nearby D branch service at Reser.
• Service disruptions: Green Line C Branch service is operating on a shuttle bus route between Kenmore and Cleveland Circle; shuttle buses will not stop at Saint Mary’s Street, Kent Street, or Brandon Hall.",5,4,4
Hynes Convention Center,fully_inaccessible,B,16,"• Accessibility status: Not accessible street-to-platform. Riders should utilize nearby D branch service at Reser.
• Service disruptions: Green Line C Branch service is operating via shuttle buses between Kenmore and Cleveland Circle, with limited stops accessible.",5,4,3
Hynes Convention Center,fully_inaccessible,B,17,"• Accessibility status: The station is not wheelchair accessible. Riders requiring accessible travel should utilize nearby D branch service at Reser.
• Service disruptions: Green Line C Branch service is operating with shuttle buses replacing trains between Kenmore and Cleveland Circle; shuttle bus service is unavailable at Saint Mary’s Street, Kent Street, and Brandon Hall.",5,4,4
Hynes Convention Center,fully_inaccessible,B,18,"• Accessibility status: The station is not wheelchair accessible. Riders needing accessible travel should utilize nearby D branch service at Reser.
• Service disruptions: Green Line C Branch service is operating with shuttle buses between Kenmore and Cleveland Circle; shuttle buses are not stopping at Saint Mary’s Street, Kent Street, or Brandon Hall.",5,4,4
Hynes Convention Center,fully_inaccessible,B,19,"• Accessibility status: The station is not wheelchair accessible. Riders requiring accessible service should utilize nearby D branch service at Reser.
• Service disruptions: Green Line C Branch service is replaced by shuttle buses between Kenmore and Cleveland Circle; shuttle buses are not accessible at Saint Mary’s Street, Kent Street, or Brandon Hall.",5,4,4
Hynes Convention Center,fully_inaccessible,B,20,"• Accessibility status: Not accessible; riders needing elevators or ramps should utilize nearby D branch service at Reser.
• Service disruptions: Green Line C Branch service is replaced by shuttle buses between Kenmore and Cleveland Circle, with accessibility limitations at certain shuttle stops.",5,3,3
Hynes Convention Center,fully_inaccessible,C,1,"• Accessibility status: This station is not wheelchair accessible. Due to ongoing construction, Green Line C Branch riders should utilize nearby D branch service at Reser station.
• Service disruptions: Green Line C Branch service is being replaced by shuttle buses between Kenmore and Cleveland Circle. Shuttle buses will not stop at three stations, so riders must use the next available stop.",5,4,4
Hynes Convention Center,fully_inaccessible,C,2,"• Accessibility status: This station is not wheelchair accessible. Due to ongoing infrastructure work, riders needing elevators or ramps should utilize nearby D branch service at Reser.
• Service disruptions: Green Line C Branch trains are not running between Kenmore and Cleveland Circle. Replacement shuttle buses will operate, but will not stop at three stations along the route; use the next available stop instead.",5,4,4
Hynes Convention Center,fully_inaccessible,C,3,"• Accessibility status: This station is not wheelchair accessible. Due to ongoing infrastructure work, riders needing elevators or escalators should utilize nearby D branch service at Reser.
• Service disruptions: Green Line C Branch trains are not running between Kenmore and Cleveland Circle. Replacement shuttle buses are operating, but will not stop at Saint Mary’s Street, Kent Street, or Brandon Hall.",5,4,3
Hynes Convention Center,fully_inaccessible,C,4,"• Accessibility status: This station is not wheelchair accessible. Due to infrastructure upgrades, Green Line C Branch shuttle buses will not stop at several nearby stops. Riders needing accessible transportation should utilize the D branch at Reser station.
• Service disruptions: Green Line C Branch service is replaced by shuttle buses between Kenmore and Cleveland Circle through May 17th.",5,4,4
Hynes Convention Center,fully_inaccessible,C,5,"• Accessibility status: This station is not wheelchair accessible. Due to ongoing infrastructure work, riders needing elevators or escalators should utilize nearby D branch service at Reser station.
• Service disruptions: Green Line C Branch trains are not running between Kenmore and Cleveland Circle. Replacement shuttle buses are operating, but will not stop at three specific locations; riders should use the next available shuttle stop instead.",5,4,4
Hynes Convention Center,fully_inaccessible,C,6,"• Accessibility status: Hynes Convention Center station is not wheelchair accessible. Due to this, riders who rely on elevators or ramps to navigate the station will need to utilize nearby D branch service at Reser.
• Service disruptions: Green Line C Branch trains are not running between Kenmore and Cleveland Circle. Replacement shuttle buses will operate, but will not stop at Saint Mary’s Street, Kent Street, or Brandon Hall; use the next available shuttle bus stop instead.",5,4,4
Hynes Convention Center,fully_inaccessible,C,7,"• Accessibility status: This station is not wheelchair accessible. Due to the lack of accessibility features, riders needing elevators or ramps should utilize nearby D branch service at Reser.
• Service disruptions: Green Line C Branch service is replaced by shuttle buses between Kenmore and Cleveland Circle. Shuttle buses will not stop at several stops along this route, so riders should use the next available stop to board the shuttle.",5,4,4
Hynes Convention Center,fully_inaccessible,C,8,"• Accessibility status: This station is not wheelchair accessible. Due to infrastructure work, shuttle buses are replacing Green Line C Branch service. Riders needing accessible travel should utilize nearby D branch service at Reser.
• Service disruptions: Green Line C Branch service is replaced by shuttle buses between Kenmore and Cleveland Circle. Shuttle buses will not stop at three specific stops, so riders needing accessible transportation should use the next nearest shuttle bus stop.",5,4,4
Hynes Convention Center,fully_inaccessible,C,9,"• Accessibility status: This station is not wheelchair accessible. Due to ongoing work, shuttle buses are replacing Green Line trains between Kenmore and Cleveland Circle. Riders needing accessible travel should utilize nearby D branch service at Reser station.
• Service disruptions: Green Line C Branch trains are not running between Kenmore and Cleveland Circle; instead, use shuttle bus service. Note that shuttle buses will not stop at Saint Mary’s Street, Kent Street, or Brandon Hall – use the next available shuttle bus stop.",5,4,5
Hynes Convention Center,fully_inaccessible,C,10,"• Accessibility status: This station is not wheelchair accessible. Due to ongoing infrastructure work, riders needing elevator or escalator access should utilize nearby D branch service at Reser.
• Service disruptions: Green Line C Branch service is operating with shuttle buses replacing trains between Kenmore and Cleveland Circle. Shuttle buses will not stop at three nearby stops, so riders should board at the next available stop.",5,4,4
Hynes Convention Center,fully_inaccessible,C,11,"• Accessibility status: This station is not wheelchair accessible. Riders needing elevator or escalator access will be unable to travel between the street and the platforms. Utilize nearby D branch service at Reser station instead.
• Service disruptions: Green Line C Branch trains are not running between Kenmore and Cleveland Circle. Replacement shuttle buses are operating, but are skipping three stops, so riders must use the next available shuttle bus stop to continue their journey.",5,4,4
Hynes Convention Center,fully_inaccessible,C,12,"• Accessibility status: This station is not wheelchair accessible. Due to ongoing infrastructure work, riders needing elevators or ramps should utilize nearby D branch service at Reser.
• Service disruptions: Green Line C Branch service is replaced by shuttle buses between Kenmore and Cleveland Circle. Shuttle buses will not stop at three nearby stops, so riders should use the next available stop.",5,4,3
Hynes Convention Center,fully_inaccessible,C,13,"• Accessibility status: This station is not wheelchair accessible. Riders needing accessible travel should utilize nearby D branch service at Reser.
• Service disruptions: Green Line C Branch service is replaced by shuttle buses between Kenmore and Cleveland Circle; shuttle buses will not stop at three nearby stops, requiring riders to use the next available stop.",5,4,4
Hynes Convention Center,fully_inaccessible,C,14,"• Accessibility status: This station is not wheelchair accessible. Due to the station's inaccessibility, riders needing elevators or ramps should utilize nearby D branch service at Reser.
• Service disruptions: Green Line C Branch trains are not running between Kenmore and Cleveland Circle. Replacement shuttle buses are operating, but these buses will not stop at Saint Mary’s Street, Kent Street, or Brandon Hall – use the next nearest stop instead.",5,4,4
Hynes Convention Center,fully_inaccessible,C,16,"• Accessibility status: This station is not wheelchair accessible. Riders needing accessible travel should utilize nearby D branch service at Reser.
• Service disruptions: Green Line C Branch trains are not running between Kenmore and Cleveland Circle; replacement shuttle buses are operating, but are not stopping at three stations and riders should use the next available stop.",5,4,4
Hynes Convention Center,fully_inaccessible,C,17,"• Accessibility status: This station is not wheelchair accessible. Riders needing elevators or escalators will not be able to access the platform and should utilize nearby D branch service at Reser.
• Service disruptions: Green Line C Branch service is operating with shuttle buses instead of trains between Kenmore and Cleveland Circle. Shuttle buses will not stop at three specific locations, so riders should board at the next available stop.",5,4,4
Hynes Convention Center,fully_inaccessible,C,18,"• Accessibility status: This station is not wheelchair accessible. Due to infrastructure upgrades, Green Line C Branch shuttle buses will not stop at several nearby stops, requiring riders to use the next available shuttle bus stop.
• Service disruptions: The Green Line C Branch is operating with shuttle buses replacing train service between Kenmore and Cleveland Circle.",5,4,3
Hynes Convention Center,fully_inaccessible,C,15,"• Accessibility status: This station is not wheelchair accessible. Due to ongoing infrastructure work, riders needing elevators or escalators should utilize nearby D branch service at Reser station.
• Service disruptions: Green Line C Branch trains are not running between Kenmore and Cleveland Circle. Replacement shuttle buses will operate, but will not stop at Saint Mary’s Street, Kent Street, or Brandon Hall – use the next nearest shuttle stop instead.",5,4,4
Hynes Convention Center,fully_inaccessible,C,19,"• Accessibility status: Hynes Convention Center station is not wheelchair accessible. Riders needing accessible travel should utilize nearby D branch service at Reser.
• Service disruptions: Green Line C Branch trains are not running between Kenmore and Cleveland Circle; replacement shuttle buses are in service, but stops at Saint Mary’s Street, Kent Street, and Brandon Hall are closed – use the next available shuttle bus stop instead.",5,4,4
Hynes Convention Center,fully_inaccessible,C,20,"• Accessibility status: This station is not wheelchair accessible. Due to the lack of accessibility features, riders needing elevators or ramps should utilize nearby D branch service at Reser.
• Service disruptions: Green Line C Branch service is replaced by shuttle buses between Kenmore and Cleveland Circle. Shuttle buses will not stop at Saint Mary’s Street, Kent Street, or Brandon Hall; use the next nearest stop instead.",5,4,4
Andrew,combined,A,1,"Andrew Station is currently accessible from street to platform, with two elevators operational (Elevator 872, Elevator 880, and Elevator 879) and one escalator functioning (Escalator 301). However, two escalators are out of service: Escalator 123 (Ashmont/Braintree platform to busway) is unavailable until further notice, and Escalator 124 (Ashmont/Braintree platform to busway) is also unavailable.

Several Red Line service disruptions may impact travel through Andrew Station. Shuttle buses are replacing service between Broadway, Quincy Center, and Ashmont (May 29-31) and between Broadway, JFK/UMass, and Ashmont (May 14-18), with free and accessible shuttle buses and van service available for riders needing assistance.",3,3,2
Andrew,combined,A,2,"Currently, access from the street to the platform at Andrew station is possible via elevators and one operational escalator. However, two escalators connecting the Ashmont/Braintree platform to the busway are out of service—one for an extended period pending replacement, and the other with an unknown cause—and riders should plan accordingly. For riders impacted by Red Line shuttle service between Broadway and Ashmont (May 29-31 and May 14-18), free and accessible shuttle buses and accessible van service will be available; station personnel can provide assistance.",2,3,2
Andrew,combined,A,3,"Andrew station is currently accessible from street to platform, with two elevators operational (Elevator 872, Elevator 880, and Elevator 879). However, two escalators are out of service: Escalator 123 (Ashmont/Braintree platform to busway) is unavailable until further notice due to maintenance, and Escalator 124 (Ashmont/Braintree platform to busway) is also unavailable.

Significant Red Line service disruptions are in effect, including shuttle buses replacing service between Broadway and Ashmont from May 29 - May 31, and again from May 14 - May 18. During these periods, riders should utilize the free and accessible shuttle buses operating between Broadway and Ashmont, or request accessible van service from station personnel.",3,2,3
Andrew,combined,A,4,"Andrew Station currently has limited accessibility; two of three escalators are out of service, but all three elevators are operational. Riders needing elevator access between the lobby and street or between the Alewife and Ashmont/Braintree platforms should utilize the elevators.

Significant Red Line service disruptions are in effect May 29-31 and May 14-18 due to signal work. During these periods, accessible shuttle buses and accessible van service will operate between Broadway, Quincy Center, and Ashmont; riders should seek assistance from station personnel for shuttle access.",4,4,3
Andrew,combined,A,5,"Andrew Station is currently accessible from street to platform, but significant escalator outages are impacting travel. Two escalators are out of service: ""Andrew Escalator 123 (Ashmont/Braintree platform to busway)"" is unavailable until further notice due to maintenance, and ""Andrew Escalator 124 (Ashmont/Braintree platform to busway)"" is currently unavailable with an unknown cause.

Red Line service is affected by shuttle buses replacing service between Broadway, Quincy Center, and Ashmont (May 29-31), and between Broadway, JFK/UMass, and Ashmont (May 14-18); free and accessible shuttle buses and van service are available, and riders should seek assistance from station personnel. Commuter Rail service between South Station and Braintree will be fare-free during the May 29-31 service disruption.",2,3,2
Andrew,combined,A,6,"Currently, access between the street and platform at Andrew station is limited due to escalator outages. Riders needing elevator access should use Andrew Elevator 872 (Lobby to street), Andrew Elevator 880 (Alewife platform to lobby), or Andrew Elevator 879 (Ashmont/Braintree platform to lobby).

Red Line service is impacted by shuttle buses replacing service between Broadway, Quincy Center, and Ashmont (May 29-31) and between Broadway, JFK/UMass, and Ashmont (May 14-18), with free and accessible shuttle buses and van service available to assist riders. Commuter Rail service between South Station and Braintree is fare-free during the May 29-31 service change.",3,3,4
Andrew,combined,A,7,"Andrew Station is currently accessible from street to platform, with two elevators operational (Elevator 872, Elevator 880, and Elevator 879). However, two escalators are out of service: Escalator 123 (Ashmont/Braintree platform to busway) is unavailable until further notice due to maintenance, and Escalator 124 (Ashmont/Braintree platform to busway) is currently unavailable.

Significant Red Line service disruptions are in place. Shuttle buses replace service between Broadway, Quincy Center, and Ashmont (May 29-31) and between Broadway, JFK/UMass, and Ashmont (May 14-18); free and accessible shuttle buses and van service will be available, and riders should seek station personnel for assistance.",3,2,2
Andrew,combined,A,8,"Currently, navigating Andrew Station may be challenging. Two escalators are out of service – “Andrew Escalator 123 (Ashmont/Braintree platform to busway)” is unavailable until further notice due to maintenance, and “Andrew Escalator 124 (Ashmont/Braintree platform to busway)” is currently unavailable with an unknown cause; however, all three elevators are operational. Riders traveling during the Red Line shuttle service (May 29-31 and May 14-18) should utilize the free and accessible shuttle buses between Broadway & Quincy Center/Ashmont, or request accessible van service from station personnel.",2,3,3
Andrew,combined,A,9,"Currently, Andrew Station is accessible from street to platform, but riders should be aware of significant elevator and escalator outages. Two escalators are out of service: ""Andrew Escalator 123 (Ashmont/Braintree platform to busway)"" is unavailable until further notice due to maintenance and ""Andrew Escalator 124 (Ashmont/Braintree platform to busway)"" is currently out of service with an unknown cause.

Several service disruptions are impacting Red Line travel. Shuttle buses are replacing service between Broadway, Quincy Center, and Ashmont (May 29-31) and between Broadway and JFK/UMass (May 14-18), with free and accessible shuttle buses and accessible van service available for riders needing assistance. Commuter Rail service will be fare-free between South Station and Braintree during the May 29-31 work.",3,3,2
Andrew,combined,A,10,"Andrew Station is currently accessible from street to platform, with two elevators operational (Elevator 872, Elevator 880, and Elevator 879). However, two escalators are out of service: Andrew Escalator 123 (Ashmont/Braintree platform to busway) is unavailable until further notice, and Andrew Escalator 124 (Ashmont/Braintree platform to busway) is currently unavailable.

Due to signal work, shuttle buses are replacing Red Line service between Broadway, Quincy Center, and Ashmont (May 29-31) and between Broadway, JFK/UMass, and Ashmont (May 14-18). During these disruptions, riders should utilize the free and accessible shuttle buses or accessible van service available, and station personnel can provide assistance.",3,3,2
Andrew,combined,A,12,"Andrew Station is currently accessible from street to platform, with two operational elevators and one operational escalator. However, two escalators are out of service: ""Andrew Escalator 123 (Ashmont/Braintree platform to busway)"" is unavailable until further notice pending replacement, and ""Andrew Escalator 124 (Ashmont/Braintree platform to busway)"" is currently unavailable with an unknown cause.

Red Line service is affected by shuttle buses due to signal work between Broadway, Quincy Center, and Ashmont (May 29-31), and between Broadway, JFK/UMass, and Ashmont (May 14-18); free and accessible shuttle buses and accessible van service will be available during these disruptions, and riders needing assistance should see station personnel. Commuter Rail service will be fare-free between South Station and Braintree during the May 29-31 work.",3,3,2
Andrew,combined,A,11,"Due to two escalators being out of service, navigating between the Ashmont/Braintree platform and the busway will require using elevators. All elevators are currently operational, providing access from the lobby to the street and between the Alewife platform and lobby. Riders experiencing difficulty should seek assistance from station personnel.

Significant Red Line service disruptions are in effect May 29-31 and May 14-18, requiring the use of free and accessible shuttle buses between Broadway and Ashmont. Commuter Rail service between South Station and Braintree will be fare-free during the May 29-31 disruption.",4,4,3
Andrew,combined,A,13,"Andrew station is currently accessible from the street to the platform, with two elevators operational (Elevator 872, Elevator 880, and Elevator 879). However, two escalators are out of service: Andrew Escalator 123 (Ashmont/Braintree platform to busway) is unavailable until further notice, and Andrew Escalator 124 (Ashmont/Braintree platform to busway) is also unavailable.

Red Line service is affected by shuttle buses due to signal work; riders traveling between Broadway and Ashmont should utilize free and accessible shuttle buses, and accessible van service will be available with station personnel assistance. Additionally, a shuttle bus will operate between Broadway and JFK/UMass for riders on the Braintree branch between May 14 and May 18.",3,2,2
Andrew,combined,A,14,"Andrew Station has limited accessibility. While two elevators are operational (Lobby to street, Alewife platform to lobby, and Ashmont/Braintree platform to lobby), two escalators serving the Ashmont/Braintree platform to the busway are out of service – one due to maintenance and requiring replacement, and another with an unknown cause. Riders needing elevator access between the Ashmont/Braintree platform and the busway should plan for alternative routes and allow extra travel time.

Significant Red Line service disruptions are impacting travel through Andrew Station. Shuttle buses are replacing service between Broadway, Quincy Center, and Ashmont (May 29-31) and between Broadway, JFK/UMass, and Ashmont (May 14-18), with free and accessible shuttle buses and accessible van service available; consider Commuter Rail as an alternate route.",3,2,2
Andrew,combined,A,15,"Currently, accessing the platforms at Andrew station may require elevator use as two escalators are out of service. Two elevators are operational (Andrew Elevator 872, 880, and 879), but riders should anticipate potential delays and plan accordingly. Accessible van service and free, accessible shuttle buses are available for riders needing assistance due to shuttle bus service replacing Red Line service between Broadway and Ashmont, and Broadway and JFK/UMass.

Red Line service is currently experiencing shuttle bus replacements due to signal work on May 29-31 and again beginning May 14 through May 18. Riders on the Braintree branch will need to utilize a shuttle bus between Broadway and JFK/UMass.",2,2,2
Andrew,combined,A,16,"Currently, accessing the platform from street level at Andrew station may require using elevators as two of three escalators are out of service. The ""Andrew Escalator 123 (Ashmont/Braintree platform to busway)"" is unavailable until further notice and “Andrew Escalator 124 (Ashmont/Braintree platform to busway)” is unavailable with an unknown cause. Riders needing assistance should seek help from station personnel.

Multiple service disruptions are impacting Red Line travel; shuttle buses are replacing service between Broadway, Quincy Center, and Ashmont from May 29-31, and between Broadway, JFK/UMass, and Ashmont from May 14-18. During these disruptions, free and accessible shuttle buses and accessible van service will be available, with Commuter Rail service being fare-free between South Station and Braintree.",3,3,2
Andrew,combined,A,17,"Andrew Station currently has limited accessibility; while all three elevators are operational, two of three escalators are out of service. Riders needing elevator access between the lobby and street level or between the Alewife and Ashmont/Braintree platforms can proceed as usual. However, the Andrew Escalator 123 (Ashmont/Braintree platform to busway) is unavailable until further notice and Andrew Escalator 124 (Ashmont/Braintree platform to busway) is temporarily out of service.

Significant Red Line service disruptions are in effect. Free and accessible shuttle buses will operate between Broadway and Ashmont due to signal work, with accessible van service also available – riders should seek assistance from station personnel. Commuter Rail service between South Station and Braintree is fare-free during the May 29-31 disruptions.",3,3,2
Andrew,combined,A,18,"Andrew Station currently has limited accessibility. Two escalators are out of service (Andrew Escalator 123 and 124), and all three elevators are operational. Riders needing elevator access should use Andrew Elevator 872 (Lobby to street), Andrew Elevator 880 (Alewife platform to lobby), or Andrew Elevator 879 (Ashmont/Braintree platform to lobby).

Several service disruptions may affect travel through Andrew Station. Red Line service is impacted by shuttle buses between Broadway, Quincy Center, and Ashmont from May 29-31, and between Broadway, JFK/UMass, and Ashmont beginning May 14 through May 18; free and accessible shuttle buses and van service will be available during these periods.",3,3,2
Andrew,combined,A,19,"Andrew station is currently accessible from the street to the platforms, with two elevators operational (Elevator 872, Elevator 880, and Elevator 879). However, two escalators are out of service: Escalator 123 (Ashmont/Braintree platform to busway) is unavailable until further notice and Escalator 124 (Ashmont/Braintree platform to busway) is currently unavailable.

Several service disruptions may affect travel through Andrew station, including Red Line shuttle buses replacing service between Broadway, Quincy Center, and Ashmont (May 29-31) and between Broadway, JFK/UMass, and Ashmont (May 14-18). During these periods, riders should utilize the free and accessible shuttle buses, or accessible van service available with station personnel assistance.",2,2,2
Andrew,combined,A,20,"Andrew station currently has limited accessibility. While elevators to the lobby and platform are operational, two escalators serving the Ashmont/Braintree platform to the busway are out of service; one due to ongoing maintenance and replacement, and the other due to an unknown cause. Riders needing elevator access between the platform and busway should plan for extended travel time and potential delays.

Red Line service is currently affected by shuttle buses replacing service between Broadway, Quincy Center, and Ashmont (May 29-31) and between Broadway, JFK/UMass, and Ashmont (May 14-18) due to signal work; free and accessible shuttle buses and accessible van service will be available, and riders should seek station personnel for assistance. Commuter Rail service between South Station and Braintree will be fare-free during the May 29-31 shuttle service.",2,3,2
Andrew,combined,B,1,"• Accessibility status: Street-to-platform access is partially impacted; two escalators (Andrew Escalator 123 and 124) are out of service, but all three elevators (Andrew Elevator 872, 880, and 879) are operational.
• Service disruptions: Yes, shuttle buses replace Red Line service between Broadway, Quincy Center, and Ashmont (May 29-31) and between Broadway and JFK/UMass (May 14-18), with free and accessible shuttle buses and accessible van service available – see station personnel for assistance.",5,4,4
Andrew,combined,B,2,"• Accessibility status: Street-to-platform access is partially impacted; 2 of 3 escalators are out of service, but all 3 elevators are operational. Riders should plan for elevator usage and allow extra time.
• Service disruptions: Yes, Red Line service is impacted by shuttle buses between Broadway, Quincy Center, and Ashmont (May 29-31) and between Broadway and JFK/UMass (May 14-18), with free and accessible shuttle bus service and accessible van service available.",5,4,3
Andrew,combined,B,3,"• Accessibility status: Street-to-platform access is partially impacted. Two escalators (Andrew Escalator 123 and 124) serving the Ashmont/Braintree platform to the busway are out of service; however, all three elevators (Lobby to street, Alewife platform to lobby, and Ashmont/Braintree platform to lobby) are operational.
• Service disruptions: Yes, Red Line service is affected by shuttle buses between Broadway, Quincy Center, and Ashmont (May 29-31) and between Broadway, JFK/UMass, and Ashmont (May 14-18). Free and accessible shuttle buses and accessible van service will be available; riders should seek station personnel for assistance.",5,4,3
Andrew,combined,B,4,"• Accessibility status: The station is not fully accessible street-to-platform due to two out-of-service escalators (Andrew Escalator 123 and 124) and all elevators are operational. Riders should plan for elevator use and allow extra travel time; accessible van service is available.
• Service disruptions: Yes, shuttle buses replace Red Line service between Broadway, Quincy Center, and Ashmont (May 29-31) and between Broadway and JFK/UMass (May 14-18) – accessible shuttle buses and van service will be available.",5,4,3
Andrew,combined,B,5,"• Accessibility status: The station is accessible street-to-platform; however, two escalators are out of service (Andrew Escalator 123 and 124) and riders should plan for elevator use (Andrew Elevators 872, 880, and 879 are operational).
• Service disruptions: Yes, shuttle buses replace Red Line service between Broadway, Quincy Center, and Ashmont (May 29-31) and between Broadway, JFK/UMass, and Ashmont (May 14-18). Accessible shuttle buses and van service will be available.",5,4,3
Andrew,combined,B,6,"• Accessibility status: Street-to-platform access is limited. Two elevators (872, 880, and 879) are operational. Escalators 123 and 124 are out of service. Riders requiring elevator access should plan for longer travel times and utilize the available elevators.
• Service disruptions: Yes, Red Line service is affected by shuttle buses between Broadway, Quincy Center, and Ashmont (May 29-31) and between Broadway, JFK/UMass, and Ashmont (May 14-18). Free and accessible shuttle buses and van service are available; riders should seek assistance from station personnel.",4,3,2
Andrew,combined,B,7,"• Accessibility status: Street-to-platform access is partially impacted; two escalators serving the Ashmont/Braintree platform to the busway are out of service (one indefinitely, one unknown duration). However, all three elevators (Lobby to street, Alewife platform to lobby, and Ashmont/Braintree platform to lobby) are operational, providing accessible routes.
• Service disruptions: Yes, shuttle buses replace Red Line service between Broadway, Quincy Center, and Ashmont (May 29-31) and between Broadway and JFK/UMass (May 14-18) due to signal work; accessible shuttle buses and van service will be available during these disruptions.",5,4,4
Andrew,combined,B,8,"• Accessibility status: Street-to-platform accessibility is partially impacted. Two escalators (Andrew Escalator 123 and 124) serving the Ashmont/Braintree platform to busway are out of service. All three elevators (Lobby to street, Alewife platform to lobby, and Ashmont/Braintree platform to lobby) are operational.
• Service disruptions: Yes, shuttle buses replace Red Line service between Broadway, Quincy Center, and Ashmont (May 29-31) and between Broadway and JFK/UMass (May 14-18). Accessible shuttle buses and van service will be available during these periods; riders should seek station personnel for assistance.",5,4,3
Andrew,combined,B,9,"• Accessibility status: The station is accessible street-to-platform, but two escalators (Andrew Escalator 123 and 124) are out of service. All three elevators (Andrew Elevator 872, 880, and 879) are operational.
• Service disruptions: Yes, shuttle buses replace Red Line service between Broadway, Quincy Center, and Ashmont (May 29-31) and between Broadway and JFK/UMass (May 14-18), with free and accessible shuttle buses and van service available.",5,4,3
Andrew,combined,B,10,"• Accessibility status: Street-to-platform access is partially impacted; two escalators serving the Ashmont/Braintree platform to busway are out of service (one indefinitely, one unknown duration), but all three elevators (lobby to street, Alewife platform to lobby, and Ashmont/Braintree platform to lobby) are operational.
• Service disruptions: Yes, shuttle buses replace Red Line service between Broadway, Quincy Center, and Ashmont (May 29-31) and between Broadway and JFK/UMass (May 14-18) – accessible shuttle buses and van service will be available; riders should seek station personnel for assistance.",5,4,3
Andrew,combined,B,11,"• Accessibility status: Street-to-platform accessibility is partially impacted. Two escalators (Andrew Escalator 123 and 124) serving the Ashmont/Braintree platform to busway are out of service. However, all three elevators (Lobby to street, Alewife platform to lobby, and Ashmont/Braintree platform to lobby) are operational, ensuring street-to-platform access.
• Service disruptions: Yes, shuttle buses are replacing Red Line service between Broadway, Quincy Center, and Ashmont (May 29-31) and between Broadway and JFK/UMass (May 14-18) due to signal work. Free and accessible shuttle buses and accessible van service will be available.",5,4,3
Andrew,combined,B,12,"• Accessibility status: Street-to-platform access is partially affected; two escalators serving the Ashmont/Braintree platform to the busway are out of service (one indefinitely, one currently unknown duration), but all three elevators are operational.
• Service disruptions: Yes, shuttle buses replace Red Line service between Broadway, Quincy Center, and Ashmont (May 29-31) and between Broadway and JFK/UMass (May 14-18) – accessible shuttle buses and van service will be provided.",5,4,3
Andrew,combined,B,14,"• Accessibility status: The station is accessible street-to-platform, but two escalators are out of service. Riders should use the available elevators: Andrew Elevator 872 (Lobby to street), Andrew Elevator 880 (Alewife platform to lobby), and Andrew Elevator 879 (Ashmont/Braintree platform to lobby).
• Service disruptions: Yes, shuttle buses replace Red Line service between Broadway, Quincy Center, and Ashmont (May 29-31) and between Broadway and JFK/UMass (May 14-18) due to signal work. Accessible shuttle buses and van service will be available.",5,4,4
Andrew,combined,B,15,"• Accessibility status: Street-to-platform access is partially impacted; two escalators serving the Ashmont/Braintree platform to the busway are out of service (one indefinitely, one unknown duration). All elevators are operational. Riders needing elevator access should use Andrew Elevator 879 (Ashmont/Braintree platform to lobby) and Andrew Elevator 872 (Lobby to street).
• Service disruptions: Yes, shuttle buses replace Red Line service between Broadway, Quincy Center, and Ashmont (May 29-31) and between Broadway and JFK/UMass (May 14-18) due to signal work. Accessible shuttle buses and van service will be provided.",5,4,4
Andrew,combined,B,13,"• Accessibility status: Street-to-platform accessibility is limited; two elevators (Andrew Elevator 872, 880, and 879) are operational. Escalators Andrew Escalator 123 and 124 are out of service. Riders requiring elevators should plan accordingly and allow extra travel time.
• Service disruptions: Yes, shuttle buses replace Red Line service between Broadway, Quincy Center, and Ashmont (May 29-31) and between Broadway and JFK/UMass (May 14-18). Free and accessible shuttle buses and accessible van service will be available during these disruptions.",5,4,3
Andrew,combined,B,16,"• Accessibility status: Street-to-platform access is possible via operational elevators, but two escalators serving the Ashmont/Braintree platform to busway are out of service; riders should plan for elevator use and seek station personnel assistance if needed.
• Service disruptions: Yes, shuttle buses replace Red Line service between Broadway, Quincy Center, and Ashmont (May 29-31) and between Broadway and JFK/UMass (May 14-18), with accessible shuttle buses and van service available.",5,4,3
Andrew,combined,B,17,"• Accessibility status: Street-to-platform access is partially impacted; two escalators serving the Ashmont/Braintree platform to the busway are out of service (one indefinitely, one currently unknown), but all three elevators (Lobby to street, Alewife platform to lobby, and Ashmont/Braintree platform to lobby) are operational.
• Service disruptions: Yes, Red Line service is impacted by shuttle buses replacing service between Broadway, Quincy Center, and Ashmont (May 29-31) and between Broadway, JFK/UMass, and Ashmont (May 14-18). Accessible shuttle buses and van service will be provided during these disruptions.",5,4,3
Andrew,combined,B,18,"• Accessibility status: Street-to-platform access is limited. Two escalators (Andrew Escalator 123 and 124) are out of service; however, all three elevators (Andrew Elevator 872, 880, and 879) are operational.
• Service disruptions: Yes, shuttle buses replace Red Line service between Broadway, Quincy Center, and Ashmont (May 29-31) and between Broadway, JFK/UMass, and Ashmont (May 14-18). Free and accessible shuttle buses and accessible van service will be available during these disruptions.",5,4,3
Andrew,combined,B,19,"• Accessibility status: Street-to-platform access is partially impacted. Two escalators are out of service (Andrew Escalator 123 and 124), but all three elevators (Andrew Elevator 872, 880, and 879) are operational. Riders should use elevators for street-to-platform access.
• Service disruptions: Yes, shuttle buses replace Red Line service between Broadway, Quincy Center, and Ashmont from May 29 - May 31, and between Broadway, JFK/UMass, and Ashmont beginning May 14 through May 18. Free and accessible shuttle buses and accessible van service will be available; riders should seek station personnel for assistance.",5,4,4
Andrew,combined,B,20,"• Accessibility status: The station is accessible street-to-platform; however, two escalators are out of service (Andrew Escalator 123 and 124) on the Ashmont/Braintree platform to busway route. All three elevators (Lobby to street, Alewife platform to lobby, and Ashmont/Braintree platform to lobby) are operational.
• Service disruptions: Yes, shuttle buses replace Red Line service between Broadway, Quincy Center, and Ashmont (May 29-31) and between Broadway, JFK/UMass, and Ashmont (May 14-18) due to signal work; free and accessible shuttle buses and van service will be available.",5,4,3
Andrew,combined,C,1,"• Accessibility status: Street-to-platform access is currently limited. Two elevators are operational, but two escalators serving the Ashmont/Braintree platform to the busway are out of service, with one unavailable for an extended period pending replacement. Riders needing elevator access should use the elevators connecting the street level lobby to the Alewife and Ashmont/Braintree platforms.
• Service disruptions: Red Line service is disrupted; shuttle buses replace trains between Broadway, Quincy Center, and Ashmont (May 29-31) and between Broadway, JFK/UMass, and Ashmont (May 14-18). Free and accessible shuttle buses and van services will be available during these disruptions.",5,4,4
Andrew,combined,C,2,"• Accessibility status: The station is accessible street-to-platform, but significant elevator and escalator disruptions exist. All three elevators are operational, providing accessible routes. However, two of the three escalators are out of service. Riders traveling between the Ashmont/Braintree platform and the busway will encounter closures for both escalators and should plan for longer travel times or seek assistance from station personnel.
• Service disruptions: Red Line service is experiencing shuttle bus replacements between Broadway, Quincy Center, and Ashmont from May 29-31 due to signal work, and between Broadway, JFK/UMass, and Ashmont from May 14-18. Riders traveling on the Braintree branch will need to use a free, accessible shuttle bus between Broadway and JFK/UMass.",5,4,3
Andrew,combined,C,3,"• Accessibility status: Street-to-platform access is currently limited. Two of three escalators are out of service, but all three elevators are operational. Riders needing elevator access should use Andrew Elevator 872 (Lobby to street), Andrew Elevator 880 (Alewife platform to lobby), or Andrew Elevator 879 (Ashmont/Braintree platform to lobby).
• Service disruptions: Red Line service is disrupted between Broadway, Quincy Center, and Ashmont (May 29-31) and between Broadway, JFK/UMass, and Ashmont (May 14-18) due to signal work. During these disruptions, free and accessible shuttle buses will operate between stations, and accessible van service will be available; riders should seek station personnel for assistance.",5,4,4
Andrew,combined,C,4,"• Accessibility status: Street-to-platform access is partially impacted. Two escalators serving the Ashmont/Braintree platform to the busway are out of service; however, all three elevators (lobby to street, Alewife platform to lobby, and Ashmont/Braintree platform to lobby) are operational. Riders needing elevator access should plan for potential crowding and allow extra travel time.
• Service disruptions: The Red Line is experiencing shuttle bus service between Broadway, JFK/UMass, and Ashmont beginning May 14, and between Broadway, Quincy Center, and Ashmont May 29-31. Riders traveling on the Braintree branch must take a shuttle bus between Broadway and JFK/UMass. Free and accessible shuttle buses and accessible van service will be available.",5,4,3
Andrew,combined,C,5,"• Accessibility status: Street-to-platform access is partially impacted. Two escalators serving the Ashmont/Braintree platform to the busway are out of service; all elevators are operational. Riders needing elevator access between the street and the lobby, or between the Alewife platform and the lobby, will find those elevators working. Riders needing to access the busway from the Ashmont/Braintree platform will need to use elevators.
• Service disruptions: Red Line service is affected by shuttle buses. Between May 29-31, shuttle buses replace Red Line service between Broadway, Quincy Center, and Ashmont. Between May 14 and May 18, shuttle buses replace Red Line service between Broadway and JFK/UMass when traveling toward Braintree. Accessible shuttle buses and van service will be available during these disruptions.",5,4,3
Andrew,combined,C,6,"• Accessibility status: Street-to-platform access is partially limited. Two elevators are operational, providing access between the lobby and street levels, and between the Alewife and Ashmont/Braintree platforms and the lobby. However, two escalators serving the Ashmont/Braintree platform to the busway are out of service; riders needing elevator access for this portion of the station should anticipate delays and seek assistance from station personnel.
• Service disruptions: Red Line service is affected by shuttle buses replacing trains between Broadway, Quincy Center, and Ashmont (May 29-31) and between Broadway, JFK/UMass, and Ashmont (May 14-18). Riders on the Braintree branch must use a shuttle bus between Broadway and JFK/UMass; accessible shuttle buses and van service will be available, and riders should seek station personnel for assistance.",4,3,3
Andrew,combined,C,7,"• Accessibility status: Street-to-platform access is partially impacted. Two escalators serving the Ashmont/Braintree platform to the busway are out of service, and one escalator serving the Alewife platform to the lobby is operational. All three elevators (lobby to street, Alewife platform to lobby, and Ashmont/Braintree platform to lobby) are operational, allowing for vertical movement. Riders needing elevator access should plan for potential delays.
• Service disruptions: Red Line service is affected by shuttle buses between Broadway, Quincy Center, and Ashmont (May 29-31) and between Broadway, JFK/UMass, and Ashmont (May 14-18) due to signal work. Riders traveling on the Braintree branch must use a free and accessible shuttle bus between Broadway and JFK/UMass.",4,3,2
Andrew,combined,C,8,"• Accessibility status: The station is partially accessible. Two elevators are operational, providing access between the lobby and street levels, and between the Alewife and Ashmont/Braintree platforms and the lobby. However, two escalators on the Ashmont/Braintree platform to the busway are out of service, with no estimated time of repair. Riders needing escalator access should use the elevators, which may experience longer wait times.
• Service disruptions: Red Line service is impacted by shuttle buses due to signal work. Between May 29-31, shuttle buses replace service between Broadway, Quincy Center, and Ashmont, with fare-free Commuter Rail service available as an alternative. Additionally, from May 14-18, a shuttle bus is required between Broadway and JFK/UMass for Braintree branch riders. Accessible shuttle buses and van service will be available during these disruptions.",5,4,4
Andrew,combined,C,9,"• Accessibility status: Street-to-platform access is partially impacted. Two escalators serving the Ashmont/Braintree platform to the busway are out of service; however, all three elevators (lobby to street, Alewife platform to lobby, and Ashmont/Braintree platform to lobby) are operational, allowing street-to-platform access.
• Service disruptions: Red Line service is disrupted. Shuttle buses replace trains between Broadway, JFK/UMass, and Ashmont, requiring riders on the Braintree branch to take a shuttle bus between Broadway and JFK/UMass. Free and accessible shuttle buses and accessible van service are available during these disruptions.",5,4,3
Andrew,combined,C,10,"• Accessibility status: Street-to-platform access is currently limited. Two of three escalators are out of service, and while all three elevators are operational, using the elevators will be necessary to navigate between the lobby and street levels, or between the platforms and the lobby.
• Service disruptions: Red Line service is disrupted. Between May 29 and May 31, shuttle buses replace trains between Broadway, Quincy Center, and Ashmont. Between May 14 and May 18, shuttle buses replace trains between Broadway and JFK/UMass. Accessible shuttle buses and van service will be available during these disruptions.",5,4,3
Andrew,combined,C,11,"• Accessibility status: Street-to-platform access is limited. Two elevators are operational, providing access between the lobby and street levels, and between the Alewife and Ashmont/Braintree platforms and the lobby. However, two escalators serving the Ashmont/Braintree platform to the busway are out of service, and may require riders to seek assistance from station personnel for alternative routes.
• Service disruptions: Red Line service is affected by shuttle buses replacing trains between Broadway, Quincy Center, and Ashmont (May 29-31) and between Broadway, JFK/UMass, and Ashmont (starting May 14). Riders traveling on the Braintree branch will need to take a shuttle bus between Broadway and JFK/UMass. Free and accessible shuttle buses and accessible van services will be available during these disruptions.",5,4,3
Andrew,combined,C,12,"• Accessibility status: The station is partially accessible. Two elevators are operational, providing access between the lobby and street levels, and between the Alewife and Ashmont/Braintree platforms and the lobby. However, two escalators are out of service – one indefinitely and one currently unknown duration – impacting travel between the Ashmont/Braintree platform and the busway. Riders needing elevator access should plan extra time and may encounter crowding.
• Service disruptions: Red Line service is disrupted between Broadway, Quincy Center, and Ashmont (May 29-31) and between Broadway, JFK/UMass, and Ashmont (May 14-18) due to signal work. During these periods, free and accessible shuttle buses will operate between stations; accessible van service is also available.",5,4,3
Andrew,combined,C,13,"• Accessibility status: The station is partially accessible. Two elevators are operational, providing access between the lobby and street levels, and between the Alewife and Ashmont/Braintree platforms and the lobby. However, two escalators on the Ashmont/Braintree platform to the busway are out of service – one indefinitely pending replacement, the other with an unknown cause. Riders needing elevator access should allow extra travel time and plan their route using the operational elevators.
• Service disruptions: The Red Line is experiencing shuttle bus service between Broadway, Quincy Center, and Ashmont (May 29-31) and between Broadway, JFK/UMass, and Ashmont (May 14-18) due to signal work. Riders traveling between Broadway and JFK/UMass will need to use a shuttle bus. Free and accessible shuttle buses and accessible van service will be available.",5,4,3
Andrew,combined,C,14,"• Accessibility status: The station is not fully accessible street-to-platform. Two of three escalators are out of service, including the one connecting the Ashmont/Braintree platform to the busway. All three elevators are operational, providing access between the lobby and street levels, and between the Alewife platform and the lobby. Riders needing elevator access should plan for potential wait times.
• Service disruptions: Red Line service is disrupted between Broadway, Quincy Center, and Ashmont (May 29-31) and between Broadway, JFK/UMass, and Ashmont (May 14-18). During these disruptions, free and accessible shuttle buses will operate between stations, and accessible van service will be available; riders should ask station personnel for assistance.",5,4,4
Andrew,combined,C,15,"• Accessibility status: The station is partially accessible. Two elevators are operational, providing access between the lobby and street levels, and between the Alewife and Ashmont/Braintree platforms and the lobby. However, two escalators serving the Ashmont/Braintree platform to the busway are out of service—one for an extended period (over three years) and the other for an unknown duration. Riders needing elevator access should plan for extra travel time.
• Service disruptions: Red Line service is impacted by shuttle buses replacing train service between Broadway, Quincy Center, and Ashmont (May 29-31) and between Broadway, JFK/UMass, and Ashmont (May 14-18). Riders traveling on the Braintree branch need to take a shuttle bus between Broadway and JFK/UMass. Free and accessible shuttle buses and van service will be available.",5,4,3
Andrew,combined,C,16,"• Accessibility status: Street-to-platform access is currently limited. Two of three escalators are out of service, impacting travel between the Ashmont/Braintree platform and the busway, and between the Alewife platform and the lobby. However, all three elevators are operational; use these elevators to navigate between the lobby and street levels, and between the platforms and the lobby.
• Service disruptions: Red Line service is affected by shuttle buses replacing trains between Broadway, JFK/UMass, and Ashmont, and between Broadway, Quincy Center, and Ashmont, due to signal work. Riders traveling on the Braintree branch must take a shuttle bus between Broadway and JFK/UMass. Free and accessible shuttle buses and van service will be available.",5,4,4
Andrew,combined,C,17,"• Accessibility status: Street-to-platform access is currently limited. Two elevators (Andrew Elevator 872 and Andrew Elevator 880) are operational, providing access between the lobby and street levels, as is Andrew Elevator 879 providing access between the Ashmont/Braintree platform and lobby. However, two escalators are out of service; Andrew Escalator 123 (leading from the Ashmont/Braintree platform to the busway) is unavailable until further notice, and Andrew Escalator 124 (also leading from the Ashmont/Braintree platform to the busway) is currently unavailable. Riders requiring elevator access should anticipate longer wait times and plan accordingly, utilizing the operational elevators for street-to-platform travel.
• Service disruptions: The Red Line is experiencing service disruptions. Between May 29 and May 31, shuttle buses replace Red Line service between Broadway, Quincy Center, and Ashmont. Accessible shuttle buses and van service will operate, and riders should seek station personnel for assistance. Additionally, beginning at 6:00 PM on Thursday, May 14 through Monday, May 18, shuttle buses will replace service between Broadway and JFK/UMass for Braintree branch riders.",5,4,3
Andrew,combined,C,18,"• Accessibility status: The station is accessible street-to-platform, but riders traveling between the Ashmont/Braintree platform and the busway will encounter significant challenges. Two escalators servicing this route are out of service; however, three elevators are operational, providing accessible alternatives.
• Service disruptions: Red Line service is affected by shuttle buses replacing trains between Broadway and Ashmont on May 29-31 and again beginning May 14. Riders traveling on the Braintree branch should expect to take a shuttle bus between Broadway and JFK/UMass. Accessible shuttle buses and van service will be available during these disruptions.",5,4,3
Andrew,combined,C,19,"• Accessibility status: Street-to-platform access is partially impacted. Two escalators serving the Ashmont/Braintree platform to the busway are out of service; all elevators are operational. Riders needing elevator access between the street and the lobby, or between platforms and the lobby, will find elevators available. Riders needing to access the busway from the Ashmont/Braintree platform should plan for a longer walking distance or seek assistance from station personnel.
• Service disruptions: The Red Line is experiencing shuttle bus service between Broadway, Quincy Center, and Ashmont (May 29-31) and between Broadway, JFK/UMass, and Ashmont (May 14-18) due to signal work. Riders traveling between Broadway and Ashmont should expect to board free, accessible shuttle buses. Commuter Rail service between South Station and Braintree is fare-free during the May 29-31 disruption.",5,4,4
Andrew,combined,C,20,"• Accessibility status: The station is accessible street-to-platform, but two escalators connecting the Ashmont/Braintree platform to the busway are out of service and are not expected to return soon. All elevators are operational. Riders needing elevator access should use the elevators connecting the Ashmont/Braintree platform to the lobby, or the elevator connecting the lobby to the street.
• Service disruptions: The Red Line is experiencing shuttle bus service between Broadway, Quincy Center, and Ashmont, as well as between Broadway and JFK/UMass. Riders traveling between Broadway and Ashmont should utilize the free and accessible shuttle buses, or request accessible van service from station personnel.",5,4,4
Chinatown,multiple_outages,A,1,"Chinatown Station currently has limited accessibility; both elevators are scheduled to be out of service. To exit, riders should exit the train at Tufts Medical Center and follow the MBTA’s instructions for either elevator 922 or 876, depending on their origin platform. To board, riders should utilize the alternate elevator or bus routes outlined by the MBTA.

Both Chinatown Elevator 922 and 876 will be undergoing maintenance on May 25-26 and May 11, respectively, causing significant disruptions to elevator access within the station. Escalators 366 and 377 are currently operational.",3,2,2
Chinatown,multiple_outages,A,2,"Chinatown Station is currently not fully accessible from street to platform. Both elevators are scheduled to be out of service: Chinatown Elevator 922 (Forest Hills platform to Boylston St, Washington St) will be unavailable May 25-26, and Chinatown Elevator 876 (Oak Grove platform to Washington St, Essex St) will be unavailable May 11. To navigate, riders should exit at Tufts Medical Center and utilize alternative routes involving the Silver Line bus or walking, as detailed in the MBTA instructions.

There are no additional service alerts beyond the elevator maintenance schedules impacting travel through Chinatown Station. Both escalators are currently operational.",3,2,2
Chinatown,multiple_outages,A,3,"Chinatown Station is currently not fully accessible from street to platform. Both elevators are scheduled to be out of service: Chinatown Elevator 922 will be unavailable May 25-26, and Chinatown Elevator 876 will be unavailable May 11. To navigate, exit at Tufts Medical Center and utilize alternative transportation options like the Silver Line bus or a short walk along Washington Street, as detailed in the MBTA instructions.

There are no general service alerts affecting Chinatown Station beyond the elevator maintenance. However, riders should be aware that both elevators will be unavailable on the specified dates.",2,2,2
Chinatown,multiple_outages,A,4,"Chinatown Station currently has limited accessibility from street to platform. Both elevators are scheduled to be out of service: Chinatown Elevator 922 will be unavailable May 25-26, and Chinatown Elevator 876 will be unavailable May 11. Riders should exit the train at Tufts Medical Center and transfer to buses or trains as detailed in the MBTA instructions for each elevator.

There are no general service alerts affecting the station, though riders should be aware of the elevator outages impacting accessibility. Escalators 366 and 377 are currently operational.",2,2,2
Chinatown,multiple_outages,A,5,"Chinatown station is currently not fully accessible from street to platform due to elevator outages. Riders needing elevator access should exit the train at Tufts Medical Center; to exit, take an Oak Grove-bound train to Chinatown and use Chinatown Elevator 876, or to board, take an SL5 (Downtown) bus to Tufts Medical Center. Alternatively, riders can walk approximately 0.2 miles to Chinatown Station.

Two elevators are currently out of service for maintenance: Chinatown Elevator 922 (May 25-26) and Chinatown Elevator 876 (May 11). Both escalators are operational.",2,2,2
Chinatown,multiple_outages,A,6,"Chinatown station currently has limited accessibility. Both elevators are scheduled to be out of service: Chinatown Elevator 922 will be unavailable May 25-26, and Chinatown Elevator 876 will be unavailable May 11. To navigate the station, riders should exit at Tufts Medical Center and utilize alternative routes involving the Silver Line bus or walking, as detailed in the MBTA instructions. 

There are currently no additional service alerts affecting travel through Chinatown station beyond the elevator outages. Both escalators are operational.",3,2,2
Chinatown,multiple_outages,A,7,"Chinatown Station is currently not fully accessible from street to platform. Both elevators are scheduled to be out of service: Chinatown Elevator 922 will be unavailable May 25-26, and Chinatown Elevator 876 will be unavailable May 11. Riders should exit the train at Tufts Medical Center and transfer to a Silver Line bus or walk to Chinatown Station.

Both escalators are currently operational, but be aware that both elevators will be undergoing maintenance on separate dates in May, requiring alternate travel routes.",2,2,2
Chinatown,multiple_outages,A,8,"Chinatown station currently has limited accessibility from street to platform. Both elevators are scheduled to be out of service; to exit, riders should exit the train at Tufts Medical Center and connect via bus or a short walk. To board, riders should use the Silver Line bus or walk to Tufts Medical Center and transfer. 

Both elevators will be unavailable due to maintenance: Chinatown Elevator 922 will be down May 25-26, and Chinatown Elevator 876 will be down May 11. Escalators are currently operational.",3,2,2
Chinatown,multiple_outages,A,9,"Chinatown Station is currently not fully accessible from street to platform due to elevator outages. Riders needing elevators should exit the train at Tufts Medical Center and transfer to an Oak Grove-bound train to Chinatown, using Chinatown Elevator 876 to exit, or take the Silver Line SL5 bus to Washington St and Essex St. To board, use Chinatown Elevator 922 to access the Forest Hills platform and transfer at Tufts Medical Center.

Two elevators are out of service for maintenance: Chinatown Elevator 922 will be unavailable May 25-26, and Chinatown Elevator 876 will be unavailable May 11. Escalators are currently operational.",2,2,2
Chinatown,multiple_outages,A,10,"Chinatown station currently presents accessibility challenges as both elevators are scheduled to be out of service. To exit, riders should exit the train at Tufts Medical Center, then transfer to an Oak Grove-bound train to Chinatown (using Chinatown Elevator 876) or board using Chinatown Elevator 922 to access the Forest Hills platform, taking a Forest Hills-bound train to Tufts Medical Center. For boarding, riders can also utilize the Silver Line SL5 bus from Washington St and Essex St to Tufts Medical Center.

Chinatown Elevator 922 will be unavailable from Monday, May 25 through Tuesday, May 26 due to maintenance, and Chinatown Elevator 876 will be unavailable on Monday, May 11. All other escalators are currently operational.",2,2,2
Chinatown,multiple_outages,A,12,"Chinatown Station is currently not fully accessible from street to platform due to elevator outages. Riders needing elevator access to the Forest Hills platform should exit the train at Tufts Medical Center, then take an Oak Grove-bound train to Chinatown and use Chinatown Elevator 876. Riders needing elevator access to the Oak Grove platform should exit the train at Tufts Medical Center and proceed to the Washington St exit, then take a Silver Line SL4 or SL5 bus to Washington St and Essex St (Chinatown Station).

Two elevators, Chinatown Elevator 922 and Chinatown Elevator 876, will be out of service for maintenance on May 25-26 and May 11, respectively. Escalators are currently operational.",3,2,3
Chinatown,multiple_outages,A,13,"Chinatown Station is currently not fully accessible from street to platform due to elevator outages. Riders needing elevators should exit the train at Tufts Medical Center and transfer to either an Oak Grove-bound train to Chinatown (using Chinatown Elevator 876) or the Silver Line SL5 bus to Washington St and Essex St (Chinatown Station). Alternatively, riders can walk 0.2 miles to Chinatown Station or Tufts Medical Center.

Both elevators within Chinatown Station are scheduled for maintenance; Chinatown Elevator 922 will be unavailable May 25-26, and Chinatown Elevator 876 will be unavailable May 11. Escalators are currently operational.",3,2,2
Chinatown,multiple_outages,A,11,"Chinatown Station is currently not fully accessible from street to platform due to elevator outages. Riders needing elevators should exit the train at Tufts Medical Center and transfer to a bus or walk to Chinatown Station, as detailed in the elevator alerts. To board, use Chinatown Elevator 922 to access the Forest Hills platform. 

Two elevators at Chinatown Station are scheduled for maintenance: Chinatown Elevator 922 will be unavailable May 25-26, and Chinatown Elevator 876 will be unavailable May 11. Both escalators are currently operational.",3,2,2
Chinatown,multiple_outages,A,14,"Chinatown Station is currently not fully accessible from street to platform due to elevator outages. Riders needing elevator access should exit the train at Tufts Medical Center and transfer to either the SL5 bus towards Washington St and Essex St or walk 0.2 miles to Chinatown Station. 

Two elevators are currently out of service for maintenance: Chinatown Elevator 922 (May 25-26) and Chinatown Elevator 876 (May 11). Escalators are operational.",4,3,3
Chinatown,multiple_outages,A,15,"Chinatown Station currently presents accessibility challenges. Both elevators are scheduled to be out of service: Chinatown Elevator 922 will be unavailable May 25-26, and Chinatown Elevator 876 will be unavailable May 11. Riders should exit at Tufts Medical Center and utilize alternative transportation options like the Silver Line bus or walking to reach Chinatown Station.

Be aware that Chinatown Elevator 922 will be down from May 25 through May 26 due to maintenance, and Chinatown Elevator 876 will be unavailable on May 11. All escalators are currently operational.",3,2,2
Chinatown,multiple_outages,A,16,"Chinatown Station currently presents accessibility challenges. Both elevators are scheduled to be out of service: Chinatown Elevator 922 will be unavailable May 25-26 and Chinatown Elevator 876 will be unavailable May 11. To navigate, exit at Tufts Medical Center, transfer trains, and utilize accessible bus routes (SL4 or SL5) or walk to the station.

Please be aware that both Chinatown Elevator 922 and 876 are undergoing maintenance on the dates listed above, which may significantly impact travel. Escalators are currently operational.",3,2,2
Chinatown,multiple_outages,A,17,"Chinatown Station is currently not fully accessible from street to platform due to elevator outages. Riders needing elevator access should exit trains at Tufts Medical Center, then transfer to either an Oak Grove-bound train and use Chinatown Elevator 876 (if traveling to the Oak Grove platform) or proceed to the Silver Line SL5 bus stop and ride to Washington St and Essex St (if traveling to the Forest Hills platform). Alternatively, riders may walk 0.2 miles to Chinatown Station or Tufts Medical Center.

Both Chinatown Elevators 922 and 876 will be out of service for maintenance, with Elevator 922 unavailable May 25-26 and Elevator 876 unavailable May 11. Escalators 366 and 377 are currently operational.",3,2,3
Chinatown,multiple_outages,A,18,"Chinatown Station is currently not fully accessible due to elevator outages. Riders needing elevator access should exit the train at Tufts Medical Center and transfer to a bus or walk to Chinatown Station, depending on their direction of travel and the specific elevator needed. Detailed instructions for both exiting and boarding are provided by the MBTA for each unavailable elevator.

Two elevators are currently out of service for maintenance: Chinatown Elevator 922 from May 25-26 and Chinatown Elevator 876 on May 11. Both escalators are operational.",3,2,2
Chinatown,multiple_outages,A,19,"Chinatown Station is currently not fully accessible from street to platform due to elevator outages. Riders needing elevator access should exit the train at Tufts Medical Center and either take an Oak Grove-bound train to Chinatown and use Chinatown Elevator 876 (if available), or utilize the Silver Line SL5 bus to Washington St and Essex St. Alternatively, riders can walk 0.2 miles to either Tufts Medical Center or Chinatown Station.

Both Chinatown Elevators 922 and 876 are scheduled for maintenance and will be out of service on May 25-26 and May 11, respectively. All escalators are currently operational.",3,3,3
Chinatown,multiple_outages,A,20,"Chinatown Station is currently not fully accessible due to elevator outages. Riders needing elevators should exit the train at Tufts Medical Center and transfer to alternative transportation; to exit, take an Oak Grove-bound train to Chinatown and use Chinatown Elevator 876, or take the Silver Line SL5 bus to Tufts Medical Center. To board, proceed to the Silver Line SL5 bus stop and take an SL5 (Downtown) bus to Tufts Medical Center.

Both Chinatown Elevator 922 and Chinatown Elevator 876 will be out of service for maintenance on May 25-26 and May 11, respectively, impacting elevator access between street level and the platforms. Escalators are currently operational.",2,2,2
Chinatown,multiple_outages,B,1,"• Accessibility status: The station is not fully accessible street-to-platform. Both elevators are out of service for maintenance. Riders exiting should exit the train at Tufts Medical Center and transfer to buses or walk. Riders boarding should use alternate elevators and train transfers as outlined in the provided instructions.
• Service disruptions: There are no route-level disruptions affecting travel through this station.",4,2,2
Chinatown,multiple_outages,B,2,"• Accessibility status: The station is not fully accessible street-to-platform due to both elevators being out of service. Riders should exit at Tufts Medical Center and transfer to a bus or walk to Chinatown Station, or use the alternate elevator and train routes as detailed in the elevator alerts.
• Service disruptions: There are no route-level disruptions affecting travel through this station.",4,2,2
Chinatown,multiple_outages,B,3,"• Accessibility status: The station is currently not fully accessible street-to-platform. Both elevators are out of service for maintenance; riders should exit at Tufts Medical Center and transfer to a bus or walk to Chinatown Station, or use alternative elevator and train routes as detailed in the alerts.
• Service disruptions: There are no route-level disruptions affecting travel through this station.",4,3,2
Chinatown,multiple_outages,B,4,"• Accessibility status: The station is currently not fully accessible street-to-platform. Riders needing elevators should exit at Tufts Medical Center and transfer to buses or walk to Chinatown Station due to both elevators being out of service for maintenance.
• Service disruptions: There are no route-level disruptions affecting travel through this station.",5,3,2
Chinatown,multiple_outages,B,5,"• Accessibility status: The station is currently not fully accessible street-to-platform. Riders needing elevators should exit at Tufts Medical Center and transfer to buses or walk to Chinatown Station, as both elevators are scheduled for maintenance.
• Service disruptions: There are no route-level disruptions affecting travel through this station.",5,3,2
Chinatown,multiple_outages,B,6,"• Accessibility status: The station is currently not fully accessible street-to-platform. Both elevators are out of service due to maintenance: Chinatown Elevator 922 (Forest Hills platform to Boylston St, Washington St) will be unavailable from May 25-26, and Chinatown Elevator 876 (Oak Grove platform to Washington St, Essex St) is unavailable on May 11. Riders should follow the MBTA instructions provided for each elevator regarding transfers at Tufts Medical Center and use of the Silver Line buses or walking.
• Service disruptions: There are no route-level disruptions affecting travel through this station.",4,2,2
Chinatown,multiple_outages,B,7,"• Accessibility status: The station is currently not fully accessible street-to-platform. Both elevators are out of service for maintenance. Riders needing elevators should exit the train at Tufts Medical Center and transfer to buses or walk to Chinatown Station, following the MBTA instructions provided for each elevator.
• Service disruptions: There are no route-level disruptions affecting travel through this station.",5,3,2
Chinatown,multiple_outages,B,8,"• Accessibility status: The station is not fully accessible street-to-platform. Both elevators are out of service for maintenance; riders should exit at Tufts Medical Center and transfer to buses or walk to Chinatown Station, following MBTA instructions for each elevator.
• Service disruptions: There are no route-level disruptions affecting travel through this station.",3,2,2
Chinatown,multiple_outages,B,9,"• Accessibility status: The station is not fully accessible street-to-platform. Both elevators are out of service for maintenance. Riders should exit at Tufts Medical Center and transfer to buses or trains, or walk approximately 0.2 miles.
• Service disruptions: No route-level disruptions are reported.",5,4,3
Chinatown,multiple_outages,B,10,"• Accessibility status: The station is not fully accessible street-to-platform. Both elevators are out of service for maintenance. Riders exiting should exit the train at Tufts Medical Center and follow the provided MBTA instructions, either via bus or walking. Riders boarding should follow the MBTA instructions, utilizing alternative elevators and trains.
• Service disruptions: There are no route-level disruptions affecting travel through this station beyond the elevator outages.",4,2,2
Chinatown,multiple_outages,B,11,"• Accessibility status: The station is not fully accessible street-to-platform. Both elevators are out of service for maintenance. Riders should exit at Tufts Medical Center and utilize alternative routes involving buses (SL4 or SL5) or walking (0.2 miles) to reach Chinatown Station.
• Service disruptions: There are no route-level disruptions affecting travel through this station.",5,3,2
Chinatown,multiple_outages,B,12,"• Accessibility status: The station is not fully accessible street-to-platform. Both elevators are out of service for maintenance. Riders should exit at Tufts Medical Center and transfer to buses or trains as detailed in the elevator alerts, or walk approximately 0.2 miles.
• Service disruptions: No route-level disruptions are reported.",4,2,2
Chinatown,multiple_outages,B,13,"• Accessibility status: The station is currently not fully accessible street-to-platform. Both elevators are out of service for maintenance; riders should follow the MBTA instructions provided for each elevator (exiting at Tufts Medical Center and utilizing buses or walking) to navigate the station.
• Service disruptions: There are no route-level disruptions affecting travel through this station.",4,2,2
Chinatown,multiple_outages,B,14,"• Accessibility status: The station is not fully accessible street-to-platform. Both elevators are out of service for maintenance. Riders exiting should exit the train at Tufts Medical Center, then transfer to alternative transportation (bus or walking) to reach Chinatown Station. Riders boarding should use Chinatown Elevator 922 to access the Forest Hills platform, take a Forest Hills-bound train to Tufts Medical Center, transfer to an Oak Grove-bound train, and then use the Silver Line bus.
• Service disruptions: There are no route-level disruptions affecting travel through this station.",3,2,2
Chinatown,multiple_outages,B,15,"• Accessibility status: The station is currently not fully accessible street-to-platform. Both elevators are out of service for maintenance. Riders should exit at Tufts Medical Center and transfer to buses or walk to Chinatown Station as detailed in the elevator alerts.
• Service disruptions: There are no route-level disruptions affecting travel through this station.",5,3,2
Chinatown,multiple_outages,B,16,"• Accessibility status: The station is not fully accessible street-to-platform. Both elevators are out of service or soon to be. To navigate, exit at Tufts Medical Center and transfer to buses or trains as detailed in the elevator alerts, or walk 0.2 miles.
• Service disruptions: No route-level disruptions affecting travel through this station were reported.",4,2,2
Chinatown,multiple_outages,B,17,"• Accessibility status: The station is not fully accessible street-to-platform. Both elevators are out of service for maintenance; riders should exit at Tufts Medical Center and transfer to buses or walk to Chinatown Station depending on direction of travel.
• Service disruptions: There are no route-level disruptions affecting travel through this station.",5,3,2
Chinatown,multiple_outages,B,18,"• Accessibility status: The station is not fully accessible street-to-platform. Both elevators are out of service for maintenance. Riders should exit at Tufts Medical Center and use alternative routes involving buses (SL4 or SL5) or walking (0.2 miles) to reach Chinatown Station, or transfer trains and elevators at Tufts Medical Center.
• Service disruptions: There are no route-level disruptions affecting travel through this station.",4,3,3
Chinatown,multiple_outages,B,19,"• Accessibility status: The station is currently not fully accessible street-to-platform due to maintenance on both elevators. Riders should exit at Tufts Medical Center and transfer to buses or walk to Chinatown Station, following the MBTA instructions provided for each elevator.
• Service disruptions: There are no route-level disruptions affecting travel through this station.",4,2,2
Chinatown,multiple_outages,B,20,"• Accessibility status: The station is currently not fully accessible street-to-platform. Both elevators are out of service for maintenance. Riders should exit the train at Tufts Medical Center and use alternative routes involving buses (SL4 or SL5) or walking (0.2 miles) to reach Chinatown Station. Boarding requires a similar multi-step process using elevators and trains via Tufts Medical Center.
• Service disruptions: There are no route-level disruptions affecting travel through this station.",3,2,2
Chinatown,multiple_outages,C,1,"• Accessibility status: The station is not fully accessible street-to-platform. Both elevators are temporarily out of service due to maintenance. To exit the station, riders should exit the train at Tufts Medical Center, then transfer to a bus or walk to Chinatown. To enter the station, riders should use the Silver Line bus to Tufts Medical Center and transfer to an elevator or walk from Tufts Medical Center.
• Service disruptions: There are no route-level disruptions affecting travel through this station.",4,2,2
Chinatown,multiple_outages,C,2,"• Accessibility status: The station is currently not fully accessible street-to-platform. Both elevators are temporarily out of service for maintenance. To travel through the station, exit the train at Tufts Medical Center, then transfer to a bus or walk to Chinatown Station. To board, utilize the elevator at Tufts Medical Center or walk to Chinatown Station.
• Service disruptions: There are no route-level disruptions affecting travel through this station beyond the elevator closures.",3,2,2
Chinatown,multiple_outages,C,3,"• Accessibility status: Street-to-platform access is significantly impacted. Both elevators are currently out of service or will be soon due to maintenance. To exit, riders should exit the train at Tufts Medical Center, then transfer to a train headed towards Chinatown. To board, riders can use the Silver Line SL5 bus from Washington St and Essex St to Tufts Medical Center or walk 0.2 miles.
• Service disruptions: There are no route-level disruptions affecting travel through this station beyond the elevator outages.",4,2,2
Chinatown,multiple_outages,C,5,"• Accessibility status: The station is currently not fully accessible street-to-platform. Both elevators are temporarily out of service due to maintenance. To exit, riders should exit the train at Tufts Medical Center, then either take an Oak Grove-bound train to Chinatown and use the remaining operational elevator, or take a Silver Line SL5 bus to Washington St and Essex St. To board, riders should take a Silver Line SL5 bus to Tufts Medical Center and then use the remaining operational elevator to access the platform, or travel on foot approximately 0.2 miles to Chinatown Station.
• Service disruptions: There are no route-level disruptions affecting travel through Chinatown station.",3,2,2
Chinatown,multiple_outages,C,6,"• Accessibility status: The station is currently not fully accessible street-to-platform. Both elevators are out of service for maintenance. To travel between the platforms, riders exiting the train should transfer at Tufts Medical Center, then take a train going in the opposite direction and use the remaining operational elevator. To board, riders should take the Silver Line bus or walk to Tufts Medical Center and transfer trains.
• Service disruptions: There are no route-level disruptions affecting travel through this station.",4,2,2
Chinatown,multiple_outages,C,7,"• Accessibility status: The station is currently not fully accessible street-to-platform. Both elevators are scheduled to be out of service. To travel between the platforms, exit the train at Tufts Medical Center, then take a train heading towards Oak Grove to Chinatown, or use a Silver Line bus.
• Service disruptions: There are no route-level disruptions affecting travel through this station.",4,3,2
Chinatown,multiple_outages,C,4,"• Accessibility status: Chinatown station is currently not fully accessible street-to-platform. Both elevators are scheduled to be out of service: one from May 25-26, and the other on May 11. Riders needing elevators to travel between the street and the platforms should exit trains at Tufts Medical Center and transfer to buses or walk to Chinatown station.
• Service disruptions: There are no route-level disruptions affecting travel through this station.",5,3,2
Chinatown,multiple_outages,C,8,"• Accessibility status: The station is currently not fully accessible street-to-platform. Both elevators are scheduled to be out of service: one from May 25-26, and the other on May 11. To exit, riders may need to exit the train at Tufts Medical Center, then transfer to a bus or walk to Chinatown Station. To board, riders may need to take a bus to Tufts Medical Center, then transfer to a train.
• Service disruptions: There are no route-level disruptions affecting travel through this station beyond the elevator maintenance.",4,2,2
Chinatown,multiple_outages,C,9,"• Accessibility status: The station is not fully accessible street-to-platform. Both elevators are scheduled to be out of service. To travel between the platforms, exit the train at Tufts Medical Center, then transfer to another train heading towards Chinatown. To access the Forest Hills platform, take a Silver Line bus from Washington St and Essex St to Tufts Medical Center.
• Service disruptions: No route-level disruptions are affecting travel through this station.",4,2,2
Chinatown,multiple_outages,C,10,"• Accessibility status: Street-to-platform access is significantly impacted. Both elevators are out of service for maintenance. To exit, riders should exit the train at Tufts Medical Center, then transfer to an Oak Grove-bound train to Chinatown and use the remaining elevator (Chinatown Elevator 876), or take a Silver Line bus (SL4 or SL5) from Washington St to Chinatown Station. To board, riders should take a Silver Line bus (SL5) to Tufts Medical Center, then transfer to a Forest Hills-bound train.
• Service disruptions: There are no route-level disruptions affecting travel through this station beyond the elevator closures.",5,3,4
Chinatown,multiple_outages,C,11,"• Accessibility status: No, the station is not fully accessible street-to-platform. Both elevators are out of service for maintenance. To exit, riders should exit the train at Tufts Medical Center, then take an Oak Grove-bound train to Chinatown and use the remaining elevator (Chinatown Elevator 876). To board, riders should take the Silver Line SL5 bus from Washington St and Essex St to Tufts Medical Center, or walk 0.2 miles along Washington Street.
• Service disruptions: None reported.",4,2,2
Chinatown,multiple_outages,C,12,"• Accessibility status: The station is currently not fully accessible street-to-platform. Both elevators are out of service for maintenance. To exit, riders should exit the train at Tufts Medical Center, then take an Oak Grove-bound train to Chinatown and use the remaining elevator (Chinatown Elevator 876). To board, riders should take the Silver Line SL5 bus from Washington St and Essex St to Tufts Medical Center. Alternatively, riders can walk 0.2 miles to either Tufts Medical Center or Chinatown Station.
• Service disruptions: There are no route-level disruptions affecting travel through this station.",5,2,2
Chinatown,multiple_outages,C,13,"• Accessibility status: Currently, street-to-platform access is significantly impacted. Both elevators are scheduled to be out of service. To exit, riders should exit the train at Tufts Medical Center and transfer to a bus (SL4 or SL5) to reach Chinatown Station. To board, riders need to use the elevator at Tufts Medical Center to reach the Forest Hills platform and transfer to an Oak Grove-bound train. Walking 0.2 miles north or south on Washington Street is an alternative, if feasible.
• Service disruptions: There are no route-level disruptions affecting travel through this station beyond the elevator closures.",5,3,4
Chinatown,multiple_outages,C,14,"• Accessibility status: The station is currently not fully accessible street-to-platform. Both elevators are out of service for maintenance: one from May 25-26 and the other on May 11. To exit, riders should exit the train at Tufts Medical Center and either take a bus to Chinatown Station or walk approximately 0.2 miles. To board, riders can use the elevator at Tufts Medical Center to reach the Forest Hills platform.
• Service disruptions: There are no route-level disruptions affecting travel through Chinatown Station.",4,2,2
Chinatown,multiple_outages,C,15,"• Accessibility status: The station is currently not fully accessible street-to-platform. Both elevators are experiencing maintenance and will be out of service. To travel through the station, exit the train at Tufts Medical Center, then transfer to a bus or walk to Chinatown Station.
• Service disruptions: There are no route-level disruptions affecting travel through this station beyond the elevator outages.",5,3,2
Chinatown,multiple_outages,C,16,"• Accessibility status: The station is currently not accessible street-to-platform for all riders. Both elevators are out of service for maintenance. To exit, riders should exit the train at Tufts Medical Center, then transfer to an Oak Grove-bound train to Chinatown or take a Silver Line bus (SL4 or SL5) to Washington Street and Essex Street. To board, riders should use the Silver Line SL5 bus to Tufts Medical Center or walk approximately 0.2 miles.
• Service disruptions: There are no route-level disruptions affecting travel through this station.",4,2,2
Chinatown,multiple_outages,C,17,"• Accessibility status: The station is currently not fully accessible street-to-platform. Both elevators are scheduled to be out of service. To travel between the Forest Hills and Oak Grove platforms, riders must exit the train at Tufts Medical Center, then transfer to a bus (SL4 or SL5) or walk approximately 0.2 miles to Chinatown Station.
• Service disruptions: There are no route-level disruptions affecting travel through this station.",5,4,3
Chinatown,multiple_outages,C,18,"• Accessibility status: The station is currently not fully accessible street-to-platform. Both elevators are out of service for maintenance. To travel between the platforms, riders must exit the train at Tufts Medical Center, transfer to another train heading in the desired direction, and then use the working elevator at that station. To travel between the street and platform, riders need to utilize buses (Silver Line SL4 or SL5) or walk approximately 0.2 miles.
• Service disruptions: There are no route-level disruptions affecting travel through this station.",5,4,3
Chinatown,multiple_outages,C,19,"• Accessibility status: The station is currently not fully accessible street-to-platform. Both elevators are out of service for maintenance. To travel through the station, exit the train at Tufts Medical Center, then transfer to either a bus or walk to reach Chinatown Station.
• Service disruptions: There are no route-level disruptions affecting travel through this station beyond the elevator outages.",5,3,2
Chinatown,multiple_outages,C,20,"• Accessibility status: The station is currently not fully accessible street-to-platform. Both elevators are out of service for maintenance. To exit, riders should exit the train at Tufts Medical Center, then transfer to an Oak Grove-bound train to Chinatown and use the remaining operational elevator (Chinatown Elevator 876). To board, riders should take an SL5 bus from the Silver Line stop at Washington St and Essex St to Tufts Medical Center, or walk 0.2 miles.
• Service disruptions: There are no route-level disruptions affecting travel through this station beyond the elevator outages.",5,3,4
Stony Brook,single_outage,A,1,"Currently, Stony Brook station is not fully accessible from street to platform. The Stony Brook Elevator 845 (Platform to paid lobby) is out of service for maintenance and a shuttle bus is operating between Stony Brook and Jackson Square; to exit, exit the train at Jackson Square and request the shuttle, and to board, request the shuttle at Stony Brook.

There are no additional service alerts affecting travel through Stony Brook station beyond the elevator outage.",3,4,5
Stony Brook,single_outage,A,2,"The Stony Brook station is currently not fully accessible from street to platform. The elevator connecting the platform to the paid lobby is out of service for maintenance; riders should exit the train at Jackson Square and request a shuttle bus to Stony Brook, or request a shuttle bus at Stony Brook to travel to Jackson Square. 

There are no other service alerts affecting travel through Stony Brook station at this time, though the elevator outage does significantly impact accessibility.",3,4,5
Stony Brook,single_outage,A,3,"The Stony Brook station is currently not fully accessible from street to platform due to elevator maintenance. Riders needing elevator access should exit the train at Jackson Square and find station personnel or use a station call box to request a shuttle bus to Stony Brook. To board at Stony Brook, find station personnel or use a station call box to request the shuttle bus to Jackson Square.

The Stony Brook Elevator 845 (Platform to paid lobby) is currently out of service for maintenance, but the Stony Brook Escalator 132 (Platform to paid lobby) is operational. There are no other service alerts impacting travel through this station.",3,4,5
Stony Brook,single_outage,A,4,"The Stony Brook station is currently not fully accessible from street to platform due to elevator maintenance. Riders needing elevator access should exit the train at Jackson Square and find station personnel or use a station call box to request a shuttle bus to Stony Brook; to board, find station personnel or use a station call box at Stony Brook to request a shuttle bus to Jackson Square.

The Stony Brook Elevator 845 (Platform to paid lobby) is currently out of service for maintenance and has been down for one day. All escalators are operational.",3,4,5
Stony Brook,single_outage,A,5,"Stony Brook station is currently not fully accessible from street to platform due to elevator maintenance. Riders needing elevator access should exit the train at Jackson Square and either find station personnel or use a station call box to request a shuttle bus to Stony Brook. To board at Stony Brook, find station personnel or use a station call box to request the shuttle bus to Jackson Square. 

The Stony Brook Elevator 845 (Platform to paid lobby) is currently out of service due to maintenance; however, the Stony Brook Escalator 132 (Platform to paid lobby) is operational. There are no other service alerts affecting travel through the station.",3,4,5
Stony Brook,single_outage,A,6,"Currently, Stony Brook station is not fully accessible from street to platform. The Stony Brook Elevator 845 (Platform to paid lobby) is out of service due to maintenance; riders needing elevator access should exit the train at Jackson Square and request a shuttle bus to Stony Brook, or find station personnel or use a station call box at Stony Brook to request a bus to Jackson Square.

There are no other service alerts impacting travel through Stony Brook station at this time.",3,4,5
Stony Brook,single_outage,A,7,"Stony Brook Station is currently not fully accessible from street to platform due to an elevator outage. Riders needing elevator access should exit the train at Jackson Square and find station personnel or use a station call box to request a shuttle bus to Stony Brook; to board at Stony Brook, find station personnel or use a station call box to request the shuttle bus to Jackson Square. 

The Stony Brook Elevator 845 (Platform to paid lobby) is currently out of service for maintenance and is expected to remain unavailable. All other accessibility facilities, including the Stony Brook Escalator 132 (Platform to paid lobby), are operational.",3,4,5
Stony Brook,single_outage,A,8,"The Stony Brook station is currently not fully accessible from street to platform. The Stony Brook Elevator 845 (Platform to paid lobby) is out of service due to maintenance; riders needing elevator access should exit the train at Jackson Square and request a shuttle bus to Stony Brook, or request a shuttle bus at Stony Brook to access Jackson Square. 

There are currently no other service alerts affecting travel through Stony Brook station, and the Stony Brook Escalator 132 (Platform to paid lobby) is operational.",3,4,5
Stony Brook,single_outage,A,9,"The Stony Brook station is currently not fully accessible from street to platform due to elevator maintenance. Riders needing elevator access should exit the train at Jackson Square and either find station personnel or use a station call box to request a shuttle bus to Stony Brook. To board at Stony Brook, request the shuttle bus to Jackson Square using station personnel or a call box.

The Stony Brook Elevator 845 (Platform to paid lobby) is currently out of service for maintenance and a shuttle bus is in operation between Stony Brook and Jackson Square. There are no other service alerts affecting travel through the station.",3,5,5
Stony Brook,single_outage,A,10,"Stony Brook Station is currently not fully accessible from street to platform due to elevator maintenance. Riders needing elevator access should exit the train at Jackson Square and find station personnel or use a station call box to request a shuttle bus to Stony Brook; conversely, to board at Stony Brook, find station personnel or use a station call box to request the shuttle bus to Jackson Square. 

The Stony Brook Elevator 845 (Platform to paid lobby) is currently out of service for maintenance and has been down for one day; however, the Stony Brook Escalator 132 (Platform to paid lobby) is operational. There are no other service alerts affecting travel through this station.",2,4,5
Stony Brook,single_outage,A,11,"Stony Brook station is currently not fully accessible from street to platform due to an elevator outage. Riders needing elevator access should exit the train at Jackson Square and find station personnel or use a station call box to request a shuttle bus to Stony Brook; to board, find station personnel or use a station call box at Stony Brook to request the shuttle bus to Jackson Square.

The Stony Brook Elevator 845 (Platform to paid lobby) is currently out of service for maintenance, but the Stony Brook Escalator 132 (Platform to paid lobby) is operational. There are no other service alerts affecting travel through Stony Brook station.",3,4,5
Stony Brook,single_outage,A,12,"Stony Brook station is currently not fully accessible from street to platform due to elevator maintenance. Riders needing elevator access should exit the train at Jackson Square and find station personnel or use a station call box to request a shuttle bus to Stony Brook; to board, find station personnel or use a station call box at Stony Brook to request a shuttle bus to Jackson Square.

The Stony Brook Elevator 845 (Platform to paid lobby) is currently out of service for maintenance and is unavailable. All other accessibility facilities, specifically the Stony Brook Escalator 132 (Platform to paid lobby), are operational.",3,4,5
Stony Brook,single_outage,A,13,"Stony Brook Station is currently not fully accessible from street to platform. The elevator connecting the platform to the paid lobby is out of service for maintenance; riders needing elevator access should take a shuttle bus between Stony Brook and Jackson Square—exit the train at Jackson Square and request the shuttle, or find station personnel/use a call box at Stony Brook to request transport to Jackson Square. 

All escalators are operational, and there are no other service alerts impacting travel through Stony Brook Station.",3,4,5
Stony Brook,single_outage,A,14,"The Stony Brook station is currently not fully accessible from street to platform due to elevator maintenance. Riders needing elevator access should exit the train at Jackson Square and either find station personnel or use a station call box to request a shuttle bus to Stony Brook. To board at Stony Brook, request the shuttle bus to Jackson Square using station personnel or a call box. 

The Stony Brook Elevator 845 (Platform to paid lobby) is currently out of service for maintenance and a shuttle bus is in place to accommodate riders. There are no other service alerts impacting Stony Brook station at this time.",3,4,5
Stony Brook,single_outage,A,15,"The Stony Brook station is currently not fully accessible from street to platform. The primary elevator, Stony Brook Elevator 845 (Platform to paid lobby), is out of service for maintenance; riders needing elevator access should utilize a shuttle bus between Stony Brook and Jackson Square – exit the train at Jackson Square and request the shuttle, or find station personnel/use a call box at Stony Brook to request transport.

There are no other service alerts affecting Stony Brook station at this time, although the elevator outage will impact accessibility. The escalator, Stony Brook Escalator 132 (Platform to paid lobby), is operational.",3,4,5
Stony Brook,single_outage,A,16,"Currently, Stony Brook station is not fully accessible from street to platform due to elevator maintenance. Riders needing elevator access should exit the train at Jackson Square and find station personnel or use a station call box to request a shuttle bus to Stony Brook. To board at Stony Brook, find station personnel or use a station call box to request the shuttle bus to Jackson Square.

The Stony Brook Elevator 845 (Platform to paid lobby) is currently out of service for maintenance, but the Stony Brook Escalator 132 (Platform to paid lobby) is operational. There are no other service alerts impacting travel through this station.",3,4,5
Stony Brook,single_outage,A,17,"Stony Brook station is currently not fully accessible from street to platform due to elevator maintenance. Riders needing elevator access should exit the train at Jackson Square and find station personnel or use a station call box to request a shuttle bus to Stony Brook. To board at Stony Brook, find station personnel or use a station call box to request the shuttle bus to Jackson Square.

The Stony Brook Elevator 845 (Platform to paid lobby) is currently out of service for maintenance, but the Stony Brook Escalator 132 (Platform to paid lobby) is operational. There are no other service alerts affecting travel through this station.",3,4,5
Stony Brook,single_outage,A,18,"Stony Brook station is currently not fully accessible from street to platform due to an elevator outage. Riders needing elevator access should exit the train at Jackson Square and either find station personnel or use a station call box to request a shuttle bus to Stony Brook. To board at Stony Brook, request the shuttle bus to Jackson Square via station personnel or a call box.

The Stony Brook Elevator 845 (Platform to paid lobby) is currently out of service for maintenance. All escalators are operational.",3,4,5
Stony Brook,single_outage,A,19,"The Stony Brook station is currently not fully accessible from street to platform. The Stony Brook Elevator 845 (Platform to paid lobby) is out of service due to maintenance; riders should use a shuttle bus between Stony Brook and Jackson Square — exit the train at Jackson Square to request the shuttle to Stony Brook, or find station personnel/use a call box at Stony Brook to request the shuttle to Jackson Square.

There are currently no other service alerts affecting travel through Stony Brook station, but please note the elevator outage.",3,4,5
Stony Brook,single_outage,A,20,"The Stony Brook station is currently not fully accessible from street to platform. The Stony Brook Elevator 845 (Platform to paid lobby) is out of service due to maintenance; riders should use a shuttle bus between Stony Brook and Jackson Square – exit the train at Jackson Square and request the shuttle, or find station personnel/use a call box at Stony Brook to request transport to Jackson Square.

There are no additional service alerts impacting travel through Stony Brook station beyond the elevator outage.",3,4,5
Stony Brook,single_outage,B,1,"• Accessibility status: The Stony Brook Elevator (Platform to paid lobby) is out of service due to maintenance. Riders should use the shuttle bus between Stony Brook and Jackson Square; to exit, exit the train at Jackson Square and request the shuttle, and to board, request the shuttle at Stony Brook.
• Service disruptions: There are no route-level disruptions affecting travel through this station.",5,4,5
Stony Brook,single_outage,B,2,"• Accessibility status: The Stony Brook Elevator (Platform to paid lobby) is out of service for maintenance. Riders should use the shuttle bus between Stony Brook and Jackson Square; exit the train at Jackson Square to request the shuttle to Stony Brook, or find station personnel/use a call box at Stony Brook to request the shuttle to Jackson Square.
• Service disruptions: There are no route-level disruptions affecting travel through this station.",5,4,5
Stony Brook,single_outage,B,3,"• Accessibility status: The Stony Brook Elevator (Platform to paid lobby) is out of service for maintenance. Riders should use the shuttle bus between Stony Brook and Jackson Square; exit the train at Jackson Square to request the shuttle to Stony Brook, or find station personnel/use a call box at Stony Brook to request the shuttle to Jackson Square.
• Service disruptions: There are no route-level disruptions affecting travel through this station.",5,4,5
Stony Brook,single_outage,B,4,"• Accessibility status: The Stony Brook Elevator (Platform to paid lobby) is out of service for maintenance. Riders needing elevator access should use the shuttle bus between Stony Brook and Jackson Square – exit at Jackson Square to board, or find station personnel/call box at Stony Brook to request the shuttle.
• Service disruptions: There are no route-level disruptions affecting travel through this station.",5,5,5
Stony Brook,single_outage,B,5,"• Accessibility status: The Stony Brook Elevator (Platform to paid lobby) is out of service for maintenance. Riders should use the shuttle bus between Stony Brook and Jackson Square; exit the train at Jackson Square to request the shuttle to Stony Brook, or find station personnel/use a call box at Stony Brook to request the shuttle to Jackson Square.
• Service disruptions: There are no route-level disruptions affecting travel through Stony Brook station.",5,4,5
Stony Brook,single_outage,B,6,"• Accessibility status: The Stony Brook Elevator (Platform to paid lobby) is out of service for maintenance. Riders should use the shuttle bus between Stony Brook and Jackson Square; exit the train at Jackson Square to access the bus or request the bus at Stony Brook.
• Service disruptions: None reported.",5,4,5
Stony Brook,single_outage,B,7,"• Accessibility status: The Stony Brook Elevator (Platform to paid lobby) is out of service for maintenance. Riders needing elevator access should take a shuttle bus between Stony Brook and Jackson Square; exit the train at Jackson Square to request the shuttle to Stony Brook, or find station personnel/use a call box at Stony Brook to request the shuttle to Jackson Square.
• Service disruptions: There are no route-level disruptions affecting travel through this station.",5,4,5
Stony Brook,single_outage,B,8,"• Accessibility status: The Stony Brook Elevator (Platform to paid lobby) is out of service for maintenance. Riders should use the shuttle bus between Stony Brook and Jackson Square; exit the train at Jackson Square and request the shuttle to Stony Brook to exit, or request the shuttle to Jackson Square at Stony Brook to board.
• Service disruptions: No route-level disruptions are reported.",5,4,5
Stony Brook,single_outage,B,9,"• Accessibility status: The Stony Brook Elevator (Platform to paid lobby) is out of service for maintenance. Riders needing elevator access should use the shuttle bus between Stony Brook and Jackson Square; exit the train at Jackson Square to request the shuttle to Stony Brook, or find station personnel/call box at Stony Brook to request the shuttle to Jackson Square.
• Service disruptions: There are no route-level disruptions affecting travel through this station.",5,4,5
Stony Brook,single_outage,B,10,"• Accessibility status: The Stony Brook Elevator (Platform to paid lobby) is out of service for maintenance. Riders needing elevator access should utilize a shuttle bus between Stony Brook and Jackson Square – exit at Jackson Square to request the shuttle to Stony Brook, or request the shuttle at Stony Brook to travel to Jackson Square.
• Service disruptions: There are no route-level disruptions affecting travel through this station.",5,4,5
Stony Brook,single_outage,B,11,"• Accessibility status: The Stony Brook Elevator (Platform to paid lobby) is out of service due to maintenance. Riders needing elevator access should take a shuttle bus between Stony Brook and Jackson Square – exit at Jackson Square to board, or request the bus at Stony Brook to exit. The escalator is operational.
• Service disruptions: There are no route-level disruptions affecting travel through Stony Brook station.",5,4,5
Stony Brook,single_outage,B,12,"• Accessibility status: The Stony Brook Elevator (Platform to paid lobby) is out of service due to maintenance. Riders should use the shuttle bus between Stony Brook and Jackson Square; exit the train at Jackson Square to request the shuttle to Stony Brook, or find station personnel/use a call box at Stony Brook to request the shuttle to Jackson Square.
• Service disruptions: There are no route-level disruptions affecting travel through this station.",5,4,5
Stony Brook,single_outage,B,13,"• Accessibility status: The Stony Brook Elevator (Platform to paid lobby) is out of service for maintenance. Riders should use the shuttle bus between Stony Brook and Jackson Square; exit at Jackson Square to request a bus to Stony Brook, or find station personnel/use a call box at Stony Brook to request a bus to Jackson Square. The escalator is operational.
• Service disruptions: No route-level disruptions are reported.",5,4,5
Stony Brook,single_outage,B,14,"• Accessibility status: The Stony Brook Elevator (Platform to paid lobby) is out of service for maintenance. Riders needing elevator access should utilize a shuttle bus between Stony Brook and Jackson Square – exit at Jackson Square to request the shuttle to Stony Brook, or request the shuttle at Stony Brook to travel to Jackson Square.
• Service disruptions: There are no route-level disruptions affecting travel through Stony Brook station.",5,5,5
Stony Brook,single_outage,B,15,"• Accessibility status: The Stony Brook Elevator (Platform to paid lobby) is out of service due to maintenance; a shuttle bus is operating between Stony Brook and Jackson Square for customers needing elevator access.
• Service disruptions: There are no route-level disruptions affecting travel through Stony Brook station.",5,4,5
Stony Brook,single_outage,B,16,"• Accessibility status: The Stony Brook Elevator (Platform to paid lobby) is out of service due to maintenance. Riders should use the shuttle bus between Stony Brook and Jackson Square; exit at Jackson Square to board, or find station personnel/call box at Stony Brook to request the bus. The escalator is operational.
• Service disruptions: There are no route-level disruptions affecting travel through Stony Brook station.",5,5,5
Stony Brook,single_outage,B,17,"• Accessibility status: The Stony Brook Elevator (Platform to paid lobby) is out of service for maintenance. Riders needing elevator access should use the shuttle bus between Stony Brook and Jackson Square; exit at Jackson Square to board, or request the shuttle at Stony Brook to board.
• Service disruptions: None reported.",5,4,5
Stony Brook,single_outage,B,18,"• Accessibility status: The Stony Brook Elevator (Platform to paid lobby) is out of service for maintenance. Riders should use the shuttle bus between Stony Brook and Jackson Square; exit the train at Jackson Square to request a shuttle to Stony Brook, or find station personnel/use a call box at Stony Brook to request a shuttle to Jackson Square.
• Service disruptions: There are no route-level disruptions affecting travel through this station.",5,5,5
Stony Brook,single_outage,B,19,"• Accessibility status: The Stony Brook Elevator (Platform to paid lobby) is out of service due to maintenance. Riders needing elevator access should utilize a shuttle bus between Stony Brook and Jackson Square; exit the train at Jackson Square to access the shuttle to Stony Brook, or request the shuttle at Stony Brook to board.
• Service disruptions: There are no route-level disruptions affecting travel through this station.",5,4,5
Stony Brook,single_outage,B,20,"• Accessibility status: The Stony Brook Elevator (Platform to paid lobby) is out of service for maintenance. Riders should use the shuttle bus between Stony Brook and Jackson Square – exit the train at Jackson Square to travel to Stony Brook, or find station personnel/call box at Stony Brook to travel to Jackson Square.
• Service disruptions: There are no route-level disruptions affecting travel through this station.",5,4,5
Stony Brook,single_outage,C,1,"• Accessibility status: The Stony Brook Elevator connecting the platform to the paid lobby is out of service due to maintenance. Riders needing elevator access should take a shuttle bus between Stony Brook and Jackson Square stations. To exit, exit the train at Jackson Square and request the shuttle; to board, request the shuttle at Stony Brook.
• Service disruptions: There are no route-level disruptions affecting travel through Stony Brook station beyond the elevator outage and associated shuttle service.",5,5,5
Stony Brook,single_outage,C,2,"• Accessibility status: The Stony Brook station is not fully accessible street-to-platform. The elevator connecting the platform to the paid lobby is out of service due to maintenance; riders needing elevator access should exit the train at Jackson Square and request a shuttle bus to Stony Brook, or request a shuttle bus at Stony Brook to access the platform.
• Service disruptions: There are no route-level disruptions affecting travel through this station beyond the elevator outage and shuttle bus requirement.",5,4,5
Stony Brook,single_outage,C,3,"• Accessibility status: The station is not fully accessible street-to-platform. The elevator connecting the platform to the paid lobby is out of service due to maintenance. Riders needing elevator access should exit the train at Jackson Square and request a shuttle bus to Stony Brook, or request a shuttle bus at Stony Brook to reach Jackson Square.
• Service disruptions: There are no route-level disruptions affecting travel through this station beyond the elevator outage and shuttle bus service.",5,4,5
Stony Brook,single_outage,C,4,"• Accessibility status: The main elevator connecting the platform to the paid lobby is currently out of service due to maintenance. Riders needing elevator access should exit the train at Jackson Square and request a shuttle bus to Stony Brook, or request a shuttle bus at Stony Brook to access the platform.
• Service disruptions: There are no route-level disruptions affecting travel through this station beyond the elevator outage; trains are running normally.",5,4,5
Stony Brook,single_outage,C,5,"• Accessibility status: The Stony Brook Elevator connecting the platform to the paid lobby is currently out of service for maintenance. Riders needing elevator access should take a shuttle bus between Stony Brook and Jackson Square stations. To exit, disembark at Jackson Square and request a shuttle bus to Stony Brook from station personnel or a call box. To board, request a shuttle bus to Jackson Square from station personnel or a call box at Stony Brook.
• Service disruptions: There are no route-level disruptions affecting travel through Stony Brook station beyond the elevator outage and associated shuttle service.",5,5,5
Stony Brook,single_outage,C,6,"• Accessibility status: The station is not fully accessible street-to-platform. The elevator connecting the platform to the paid lobby is out of service for maintenance. Riders needing elevator access should exit the train at Jackson Square and request a shuttle bus to Stony Brook, or request a shuttle bus at Stony Brook to access the train.
• Service disruptions: There are no route-level disruptions affecting travel through Stony Brook station beyond the elevator outage and shuttle bus service.",5,4,5
Stony Brook,single_outage,C,7,"• Accessibility status: The Stony Brook elevator connecting the platform to the paid lobby is out of service for maintenance. Riders needing elevator access should exit the train at Jackson Square and request a shuttle bus to Stony Brook from station personnel or a station call box. To board at Stony Brook, request the shuttle bus to Jackson Square from station personnel or a station call box. The escalator is operational.
• Service disruptions: There are no route-level disruptions affecting travel through Stony Brook station beyond the elevator outage and shuttle bus service.",5,5,5
Stony Brook,single_outage,C,8,"• Accessibility status: The station is not fully accessible street-to-platform. The elevator connecting the platform to the paid lobby is out of service for maintenance. Riders needing elevator access should exit the train at Jackson Square and request a shuttle bus to Stony Brook from station personnel or a call box; to board at Stony Brook, request the shuttle bus to Jackson Square from station personnel or a call box.
• Service disruptions: There are no route-level disruptions affecting travel through Stony Brook station.",5,5,5
Stony Brook,single_outage,C,9,"• Accessibility status: The main elevator connecting the platform to the paid lobby is currently out of service for maintenance. Riders needing elevator access should take a shuttle bus between Stony Brook and Jackson Square stations. To exit, disembark at Jackson Square and request the shuttle; to board, request the shuttle at Stony Brook.
• Service disruptions: There are no route-level disruptions affecting travel through Stony Brook station beyond the elevator outage and associated shuttle service.",5,5,5
Stony Brook,single_outage,C,10,"• Accessibility status: The station is not fully accessible street-to-platform. The elevator connecting the platform to the paid lobby is out of service for maintenance and a shuttle bus is operating between Stony Brook and Jackson Square stations. To exit, exit the train at Jackson Square and request the shuttle bus. To board, request the shuttle bus at Stony Brook.
• Service disruptions: There are no route-level disruptions affecting travel through this station beyond the elevator outage and shuttle bus service.",5,4,5
Stony Brook,single_outage,C,11,"• Accessibility status: The Stony Brook station is not fully accessible street-to-platform. The elevator connecting the platform to the paid lobby is out of service for maintenance. Riders needing elevator access should exit the train at Jackson Square and request a shuttle bus to Stony Brook, or request a shuttle bus at Stony Brook to reach Jackson Square.
• Service disruptions: There are no route-level disruptions affecting travel through Stony Brook station beyond the elevator outage and the shuttle bus service it necessitates.",5,5,5
Stony Brook,single_outage,C,12,"• Accessibility status: The main elevator connecting the platform to the paid lobby is out of service for maintenance. Riders needing elevator access should exit the train at Jackson Square and request a shuttle bus to Stony Brook from station personnel or a call box. To board at Stony Brook, request the shuttle bus to Jackson Square using station personnel or a call box.
• Service disruptions: There are no route-level disruptions affecting travel through Stony Brook station.",5,5,5
Stony Brook,single_outage,C,13,"• Accessibility status: The station is not fully accessible street-to-platform; the elevator connecting the platform to the paid lobby is out of service for maintenance. Riders needing elevator access should exit the train at Jackson Square and request a shuttle bus to Stony Brook, or request a shuttle bus at Stony Brook to reach Jackson Square.
• Service disruptions: None reported.",5,4,5
Stony Brook,single_outage,C,14,"• Accessibility status: The Stony Brook station is not fully accessible street-to-platform. The elevator connecting the platform to the paid lobby is out of service for maintenance; riders needing elevator access should exit the train at Jackson Square and request a shuttle bus to Stony Brook, or request a shuttle bus to Jackson Square at Stony Brook to board.
• Service disruptions: There are no route-level disruptions affecting travel through this station beyond the elevator outage and the shuttle bus service that accompanies it.",5,4,5
Stony Brook,single_outage,C,15,"• Accessibility status: The station is not fully accessible street-to-platform. The elevator connecting the platform to the paid lobby is out of service for maintenance. Riders needing elevator access should exit the train at Jackson Square and request a shuttle bus to Stony Brook, or request a shuttle bus at Stony Brook to reach Jackson Square.
• Service disruptions: There are no route-level disruptions affecting travel through this station.",5,5,5
Stony Brook,single_outage,C,16,"• Accessibility status: The station is not fully accessible street-to-platform. The elevator connecting the platform to the paid lobby is out of service for maintenance. Riders needing elevator access should exit the train at Jackson Square and request a shuttle bus to Stony Brook, or request a shuttle bus at Stony Brook to reach Jackson Square.
• Service disruptions: There are no route-level disruptions affecting travel through this station.",5,4,5
Stony Brook,single_outage,C,17,"• Accessibility status: The station is not fully accessible street-to-platform. The elevator connecting the platform to the paid lobby is out of service for maintenance. Riders needing elevator access should take a shuttle bus between Stony Brook and Jackson Square stations; to exit, exit the train at Jackson Square and request the shuttle, and to board, request the shuttle at Stony Brook.
• Service disruptions: There are no route-level disruptions affecting travel through this station beyond the elevator outage and associated shuttle bus service.",5,5,5
Stony Brook,single_outage,C,18,"• Accessibility status: The Stony Brook station is currently not fully accessible street-to-platform. The elevator connecting the platform to the paid lobby is out of service for maintenance. Riders needing elevator access should exit the train at Jackson Square and request a shuttle bus to Stony Brook, or request a shuttle bus at Stony Brook to access the platform.
• Service disruptions: There are no route-level disruptions affecting travel through Stony Brook station.",5,4,5
Stony Brook,single_outage,C,19,"• Accessibility status: The Stony Brook elevator connecting the platform to the paid lobby is currently out of service for maintenance. Riders needing elevator access should take a shuttle bus between Stony Brook and Jackson Square stations; to exit, exit the train at Jackson Square and request the shuttle, and to board, request the shuttle at Stony Brook.
• Service disruptions: There are no route-level disruptions affecting travel through Stony Brook station beyond the elevator outage and associated shuttle bus service.",5,5,5
Stony Brook,single_outage,C,20,"• Accessibility status: The Stony Brook Elevator (connecting the platform to the paid lobby) is currently out of service for maintenance. Riders needing elevator access should exit the train at Jackson Square and request a shuttle bus to Stony Brook from station personnel or a station call box. To board at Stony Brook, request a shuttle bus to Jackson Square from station personnel or a station call box. The escalator is operational.
• Service disruptions: There are no route-level disruptions affecting travel through Stony Brook station beyond the elevator outage; trains are running normally.",5,5,5
Quincy Center,service_alert_only,A,1,"Quincy Center station is currently accessible from street to platform, with all elevators and the escalator operational. Elevator 810 connects the Red Line platform to the lobby, and Elevator 896 connects the Commuter Rail platform to the lobby.

Several service disruptions may impact travel through Quincy Center. From May 29-31, Red Line service will be replaced by shuttle buses between Broadway, Quincy Center, and Ashmont; accessible shuttle buses and vans will be available, and Commuter Rail service between South Station and Braintree will be fare-free. Additionally, on the weekend of May 9-10, Greenbush, Kingston, and Fall River/New Bedford Line service will originate and terminate at Braintree, requiring Red Line transfers for travel to/from South Station.",3,3,2
Quincy Center,service_alert_only,A,2,"All elevators and the escalator at Quincy Center station are currently operational, providing access from street to platform. However, riders should be aware of several service disruptions that may impact travel. On the weekend of May 9-10, Greenbush, Kingston, and Fall River/New Bedford lines will terminate at Braintree, requiring Red Line transfer for service between Braintree and South Station. Additionally, from May 29-31, shuttle buses will replace Red Line service between Broadway, Quincy Center, and Ashmont, with accessible shuttle buses and van service available; station personnel can assist with accessibility needs.",3,3,3
Quincy Center,service_alert_only,A,3,"Quincy Center station is currently accessible from street to platform, with both elevators and the escalator operational. All elevators (""Quincy Center Elevator 810"" and ""Quincy Center Elevator 896"") and the ""Quincy Center Escalator 330"" are currently in service. 

Significant service disruptions are expected on the weekend of May 9-10, with Greenbush, Kingston, and Fall River/New Bedford Line service originating and terminating at Braintree – requiring Red Line transfer for travel between South Station and Braintree. Additionally, from May 29-31, Red Line service will be replaced by free and accessible shuttle buses between Broadway, Quincy Center, and Ashmont.",4,3,2
Quincy Center,service_alert_only,A,4,"Quincy Center station is currently accessible from street to platform, with both elevators and the escalator operational. Elevator 810 connects the Red Line platform to the lobby, while Elevator 896 connects the Commuter Rail platform to the lobby.

Significant service disruptions are impacting travel through Quincy Center. From May 29-31, Red Line service will be replaced by shuttle buses between Broadway, Quincy Center, and Ashmont; accessible shuttle buses and van service will be provided. Additionally, on the weekend of May 9-10, Greenbush, Kingston, and Fall River/New Bedford Lines will terminate at Braintree, requiring Red Line transfers.",4,4,3
Quincy Center,service_alert_only,A,5,"Quincy Center station is currently accessible from street to platform; all elevators and the escalator are operational. However, riders should be aware of significant service disruptions this weekend (May 9-10) as the Greenbush, Kingston, and Fall River/New Bedford lines will originate and terminate at Braintree, requiring Red Line transfer for service between Braintree and South Station. Additionally, Red Line service will be replaced by shuttle buses between Broadway, Quincy Center, and Ashmont from May 29-31, with free and accessible shuttle buses and van service available; riders needing assistance should see station personnel.",2,3,3
Quincy Center,service_alert_only,A,6,"Quincy Center station is currently accessible from street to platform, as both elevators and the escalator are operational. Elevators 810 and 896, and the Quincy Center Escalator 330 are all functioning.

Several service disruptions may impact travel through Quincy Center. From May 29-31, Red Line service will be replaced by shuttle buses between Broadway, Quincy Center, and Ashmont; accessible shuttle buses and van service will be provided. Additionally, on the weekend of May 9-10, Greenbush, Kingston, and Fall River/New Bedford Line service will originate and terminate at Braintree, requiring Red Line transfers for travel between Braintree and South Station.",3,3,2
Quincy Center,service_alert_only,A,7,"Quincy Center station is currently accessible from street to platform, with both elevators and the escalator operational. Elevator 810 connects the Red Line platform to the lobby, while Elevator 896 connects the Commuter Rail platform to the lobby.

Several service disruptions may impact travel through Quincy Center. A shuttle bus will replace Red Line service between Broadway, Quincy Center, and Ashmont from May 29-31, with accessible shuttle buses and van service available; riders requiring assistance should seek station personnel. Additionally, on the weekend of May 9-10, Greenbush, Kingston, and Fall River/New Bedford Lines will terminate at Braintree, requiring Red Line transfers for travel between South Station and Braintree.",3,3,2
Quincy Center,service_alert_only,A,8,"Quincy Center station is currently accessible from street to platform; all elevators and the escalator are operational. However, be aware of upcoming service disruptions. From May 29-31, Red Line service between Broadway, Quincy Center, and Ashmont will be replaced by free and accessible shuttle buses, and accessible van service will be available upon request.",3,4,3
Quincy Center,service_alert_only,A,9,"Quincy Center station is currently accessible from street to platform, with both elevators and the escalator operational. All elevators (""Quincy Center Elevator 810"" and ""Quincy Center Elevator 896"") and the ""Quincy Center Escalator 330"" are currently in service. 

Please be aware of several service disruptions impacting travel through Quincy Center. From May 29-31, shuttle buses will replace Red Line service between Broadway, Quincy Center, and Ashmont; accessible shuttle buses and van service will be available, and Commuter Rail service between South Station and Braintree will be fare-free. Additionally, on the weekend of May 9-10, the Fall River/New Bedford, Kingston, and Greenbush Lines will terminate at Braintree, requiring Red Line transfers.",3,3,2
Quincy Center,service_alert_only,A,10,"Quincy Center station is currently accessible from street to platform; all elevators and the escalator are operational. However, riders should be aware of several service disruptions: a route 220 detour impacting bus access, weekend suspensions of the Fall River/New Bedford, Kingston, and Greenbush lines requiring use of the Red Line between Braintree and South Station, and shuttle buses replacing Red Line service between Broadway, Quincy Center, and Ashmont from May 29-31, with accessible shuttle buses and van service available. Riders needing assistance during the shuttle bus periods should contact station personnel.",2,3,2
Quincy Center,service_alert_only,A,11,"Quincy Center station is currently accessible from street to platform, with both elevators and the escalator operational. All elevators (Elevator 810 and Elevator 896) and the Quincy Center Escalator 330 are currently working.

Several service disruptions may affect travel through Quincy Center. From May 29-31, Red Line service will be replaced by shuttle buses between Broadway, Quincy Center, and Ashmont, with free and accessible shuttle buses and van service available; additionally, on the weekend of May 9-10, Greenbush, Kingston, and Fall River/New Bedford Line service will originate and terminate at Braintree, requiring Red Line transfers.",3,2,2
Quincy Center,service_alert_only,A,12,"Quincy Center station is currently accessible from street to platform; all elevators and the escalator are operational. Riders should be aware of a detour for Route 220 beginning May 16 due to construction at the Hingham Ferry Terminal. Additionally, on the weekend of May 9-10, Greenbush, Kingston, and Fall River/New Bedford Line service will originate and terminate at Braintree, and from May 29-31, Red Line service between Broadway, Quincy Center, and Ashmont will be replaced by free and accessible shuttle buses, with accessible van service also available.",1,2,2
Quincy Center,service_alert_only,A,13,"Quincy Center station is currently accessible from street to platform, with both elevators and the escalator fully operational. Elevator 810 connects the Red Line platform to the lobby, while elevator 896 connects the Commuter Rail platform to the lobby.

Please be aware of several service disruptions impacting travel through Quincy Center. From May 29-31, Red Line service will be replaced by shuttle buses between Broadway, Quincy Center, and Ashmont; accessible shuttle buses and van service will be available, and Commuter Rail service will be fare-free between South Station and Braintree. Additionally, on the weekend of May 9-10, Greenbush, Kingston, and Fall River/New Bedford lines will originate and terminate at Braintree, requiring Red Line transfers between Braintree and South Station.",3,3,2
Quincy Center,service_alert_only,A,14,"Quincy Center station is currently accessible from street to platform; all elevators and the escalator are operational. However, riders should be aware of several service disruptions: Red Line shuttle buses will replace service between Broadway, Quincy Center, and Ashmont from May 29-31, with free and accessible shuttle buses and accessible van service available. Additionally, on the weekend of May 9-10, Greenbush, Kingston, and Fall River/New Bedford Line service will originate and terminate at Braintree, requiring Red Line transfers between Braintree and South Station.",3,3,2
Quincy Center,service_alert_only,A,15,"Quincy Center station is currently accessible from street to platform, as all listed elevators and the escalator are operational. However, riders should be aware of a detour for Route 220 beginning May 16 due to construction at the Hingham Ferry Terminal, which may impact bus connections. Additionally, Red Line service will be replaced by shuttle buses between Broadway, Quincy Center, and Ashmont from May 29-31, with free and accessible shuttle buses and van service available; a separate shuttle bus will also operate between Broadway and JFK/UMass from May 14-18.",2,2,2
Quincy Center,service_alert_only,A,16,"Quincy Center station is currently accessible from street to platform; all elevators and the escalator are operational. Riders should be aware that Route 220 will be detoured beginning Saturday, May 16, and the closest inbound stops are 319 Lincoln St and Lincoln St @ Lincoln Plaza. Additionally, on the weekend of May 9-10, Greenbush, Kingston, and Fall River/New Bedford Lines will terminate at Braintree, requiring Red Line transfers between Braintree and South Station, and from May 29-31, Red Line service will be replaced by accessible shuttle buses between Broadway, Quincy Center, and Ashmont.",3,3,2
Quincy Center,service_alert_only,A,17,"Quincy Center station is currently accessible from street to platform, with both elevators and the escalator operational. Elevators 810 and 896, and Escalator 330 are all currently in service. 

Several service disruptions may affect travel through Quincy Center. From May 29-31, shuttle buses will replace Red Line service between Broadway, Quincy Center, and Ashmont, with free and accessible shuttle buses and van service available; riders needing assistance should seek station personnel. Additionally, on the weekend of May 9-10, Greenbush, Kingston, and Fall River/New Bedford Line service will terminate at Braintree, requiring Red Line transfers for travel between Braintree and South Station.",3,3,2
Quincy Center,service_alert_only,A,18,"Quincy Center station is currently accessible from street to platform, with both elevators and the escalator operational. All elevators (Elevator 810 and Elevator 896) and the Quincy Center Escalator 330 are currently functioning.

Please note several service disruptions affecting travel through Quincy Center. From May 29-31, Red Line service will be replaced by shuttle buses between Broadway, Quincy Center, and Ashmont; accessible shuttle buses and van service will be available, and Commuter Rail service between South Station and Braintree will be fare-free. Additionally, on the weekend of May 9-10, the Fall River/New Bedford, Kingston, and Greenbush Lines will terminate at Braintree, requiring Red Line transfer for travel to South Station.",3,3,2
Quincy Center,service_alert_only,A,19,"Yes, Quincy Center station is currently accessible from street to platform, with two elevators and one escalator all reported as operational. Elevator 810 connects the Red Line platform to the lobby, while Elevator 896 connects the Commuter Rail platform to the lobby.

Several service disruptions may impact travel through Quincy Center. From May 29-31, Red Line service will be replaced by shuttle buses between Broadway, Quincy Center, and Ashmont; accessible shuttle buses and van service will be available during this time. Additionally, on the weekend of May 9-10, Greenbush, Kingston, and Fall River/New Bedford Line service will terminate at Braintree, requiring riders to use the Red Line for service between Braintree and South Station.",3,3,2
Quincy Center,service_alert_only,A,20,"Quincy Center station is currently accessible from street to platform, with all elevators and the escalator reported as operational. However, riders should be aware of a detour for Route 220 buses beginning May 16 due to construction at the Hingham Ferry Terminal; the closest inbound stops are 319 Lincoln St and Lincoln St @ Lincoln Plaza, and outbound stops are 322 Lincoln St and Lincoln St @ Lincoln Plaza. Additionally, Red Line service will be replaced by shuttle buses between Broadway, Quincy Center, and Ashmont from May 29-31, and between Broadway, JFK/UMass, and Ashmont beginning May 14, with free and accessible shuttle buses and van service available.",3,3,2
Quincy Center,service_alert_only,B,1,"• Accessibility status: All elevators and escalators are currently operational. However, from May 29-31, free and accessible shuttle buses will operate between Broadway & Quincy Center and between Broadway & Ashmont due to signal work. Riders needing assistance should see station personnel.
• Service disruptions: Red Line service will be replaced by shuttle buses between Broadway, Quincy Center, and Ashmont from May 29-31, and between Broadway, JFK/UMass, and Ashmont beginning May 14 through May 18, due to signal work. Additionally, Greenbush, Kingston, and Fall River/New Bedford Line service will originate and terminate at Braintree on May 9-10.",4,3,3
Quincy Center,service_alert_only,B,2,"• Accessibility status: All elevators and escalators are currently operational, providing accessible routes street-to-platform.
• Service disruptions: Red Line service will operate with shuttle buses between Broadway, Quincy Center, and Ashmont from May 29-31; also, a shuttle bus will be in place between Broadway and JFK/UMass from May 14-18. Additionally, weekend service for the Fall River/New Bedford, Kingston, and Greenbush Lines will terminate at Braintree, requiring Red Line transfers.",5,3,2
Quincy Center,service_alert_only,B,3,"• Accessibility status: All elevators and escalators are currently operational. However, from May 29-31, free and accessible shuttle buses will operate between Broadway & Quincy Center and between Broadway & Ashmont; accessible van service will also be available and riders should seek station personnel for assistance.
• Service disruptions: Red Line service will be replaced by shuttle buses between Broadway, Quincy Center, and Ashmont from May 29-31; Greenbush, Kingston, and Fall River/New Bedford Lines will originate/terminate at Braintree May 9-10; Route 220 will be detoured May 16 onward.",5,4,4
Quincy Center,service_alert_only,B,4,"• Accessibility status: All elevators and escalators are currently operational. However, from May 29-31, accessible shuttle buses and van service will be available due to Red Line signal work; riders should seek station personnel for assistance.
• Service disruptions: Red Line service will operate with shuttle buses between Broadway, Quincy Center, and Ashmont from May 29-31 and between Broadway, JFK/UMass, and Ashmont from May 14-18. Additionally, on May 9-10, Greenbush, Kingston, and Fall River/New Bedford Line service will originate/terminate at Braintree, requiring use of the Red Line between Braintree and South Station.",4,3,2
Quincy Center,service_alert_only,B,5,"• Accessibility status: All elevators and escalators are currently operational.
• Service disruptions: Red Line service will operate with shuttle buses between Broadway, Quincy Center, and Ashmont from May 29-31 and between Broadway, JFK/UMass, and Ashmont from May 14-18. Greenbush, Kingston, and Fall River/New Bedford lines will not serve this station May 9-10.",5,4,3
Quincy Center,service_alert_only,B,6,"• Accessibility status: All elevators and escalators are currently operational, providing accessible routes street-to-platform.
• Service disruptions: Red Line service will be replaced by shuttle buses between Broadway, Quincy Center, and Ashmont from May 29-31; also, between Broadway, JFK/UMass, and Ashmont from May 14-18. Additionally, Greenbush, Kingston, and Fall River/New Bedford Line service will originate and terminate at Braintree on May 9-10.",5,3,2
Quincy Center,service_alert_only,B,7,"• Accessibility status: All elevators and escalators are currently operational. Street-to-platform accessibility is generally available. However, between May 29-31, free and accessible shuttle buses will operate between Broadway & Quincy Center and between Broadway & Ashmont; accessible van service will also be available, and riders should seek station personnel for assistance.
• Service disruptions: Red Line service will be replaced by shuttle buses between Broadway, Quincy Center, and Ashmont from May 29-31; additionally, Route 220 will be detoured beginning May 16, and Greenbush, Kingston, and Fall River/New Bedford Lines will originate/terminate at Braintree on May 9-10.",4,3,3
Quincy Center,service_alert_only,B,8,"• Accessibility status: All elevators and escalators are currently operational. However, from May 29-31, free and accessible shuttle buses will operate between Broadway & Quincy Center and between Broadway & Ashmont due to signal work; accessible van service will also be available, and riders should seek station personnel for assistance.
• Service disruptions: Red Line service will be replaced by shuttle buses between Broadway, Quincy Center, and Ashmont from May 29-31; additionally, the Fall River/New Bedford, Kingston, and Greenbush Lines will originate and terminate at Braintree on the weekend of May 9-10.",5,4,4
Quincy Center,service_alert_only,B,9,"• Accessibility status: All elevators and escalators are currently operational. However, from May 29-31, shuttle buses will replace Red Line service between Broadway, Quincy Center, and Ashmont; free and accessible shuttle buses will operate, and accessible van service will be available—station personnel can assist riders.
• Service disruptions: The Red Line will have shuttle bus service between Broadway, JFK/UMass, and Ashmont beginning at 6:00 PM on Thursday, May 14 through Monday, May 18. Additionally, the Fall River/New Bedford, Kingston, and Greenbush lines will originate and terminate at Braintree on the weekend of May 9-10, requiring Red Line transfers between South Station and Braintree. Route 220 will also be detoured due to construction beginning May 16.",4,3,3
Quincy Center,service_alert_only,B,10,"• Accessibility status: All elevators and escalators are currently operational, providing accessible street-to-platform access.
• Service disruptions: Red Line service will operate with shuttle buses between Broadway, Quincy Center, and Ashmont from May 29-31, with free and accessible shuttle buses and van service available. Additionally, a shuttle bus will operate between Broadway and JFK/UMass from May 14-18.",5,4,3
Quincy Center,service_alert_only,B,11,"• Accessibility status: All elevators and escalators are currently operational.
• Service disruptions: Red Line service will be replaced by shuttle buses between Broadway, Quincy Center, and Ashmont from May 29-31, with free and accessible shuttle buses and van service available; Red Line service will also be replaced by shuttle buses between Broadway, JFK/UMass, and Ashmont from May 14-18; Additionally, on the weekend of May 9-10, Fall River/New Bedford, Kingston, and Greenbush Line service will originate and terminate at Braintree, requiring Red Line transfer for travel between Braintree and South Station.",4,3,2
Quincy Center,service_alert_only,B,12,"• Accessibility status: All elevators and escalators are currently operational. Street-to-platform accessibility is available.
• Service disruptions: Red Line service will operate with shuttle buses between Broadway, Quincy Center, and Ashmont from May 29 - May 31, and between Broadway, JFK/UMass, and Ashmont from May 14 - May 18. Accessible shuttle buses and van service will be provided during these periods.",5,4,3
Quincy Center,service_alert_only,B,13,"• Accessibility status: All elevators and escalators are currently operational. However, from May 29-31, accessible shuttle buses and van service will be available due to Red Line signal work replacing service between Broadway, Quincy Center, and Ashmont. Riders needing assistance should see station personnel.
• Service disruptions: Red Line service will be replaced by shuttle buses between Broadway, Quincy Center, and Ashmont from May 29-31. Additionally, the Greenbush, Kingston, and Fall River/New Bedford lines will originate and terminate at Braintree on May 9-10, requiring Red Line transfer for travel between Braintree and South Station. Route 220 will also be detoured.",4,3,3
Quincy Center,service_alert_only,B,14,"• Accessibility status: All elevators and the escalator are currently operational, providing accessible street-to-platform access.
• Service disruptions: Red Line service will be replaced by shuttle buses between Broadway, Quincy Center, and Ashmont from May 29-31, and between Broadway, JFK/UMass, and Ashmont from May 14-18. Accessible shuttle buses and van service will be available. Additionally, Greenbush, Kingston, and Fall River/New Bedford Lines will originate and terminate at Braintree on May 9-10, requiring use of the Red Line between Braintree and South Station.",5,4,3
Quincy Center,service_alert_only,B,15,"• Accessibility status: All elevators and escalators are currently operational. However, from May 29-31, free and accessible shuttle buses will operate between Broadway & Quincy Center and between Broadway & Ashmont due to signal work; accessible van service will also be available, and riders should seek station personnel for assistance.
• Service disruptions: Red Line service will be replaced by shuttle buses between Broadway, Quincy Center, and Ashmont from May 29-31; the Fall River/New Bedford, Kingston, and Greenbush Lines will terminate at Braintree on May 9-10, requiring Red Line transfers; Route 220 will be detoured beginning May 16.",5,4,4
Quincy Center,service_alert_only,B,16,"• Accessibility status: All elevators and escalators are currently operational. However, from May 29-31, free and accessible shuttle buses will operate between Broadway & Quincy Center and between Broadway & Ashmont; accessible van service will also be available, and riders should seek station personnel for assistance.
• Service disruptions: Red Line service will be replaced by shuttle buses between Broadway, Quincy Center, and Ashmont from May 29-31. Additionally, on May 9-10, Greenbush, Kingston, and Fall River/New Bedford Line service will originate and terminate at Braintree.",5,4,4
Quincy Center,service_alert_only,B,17,"• Accessibility status: All elevators and escalators are currently operational. However, from May 29-31, free and accessible shuttle buses will operate between Broadway & Quincy Center and between Broadway & Ashmont due to signal work; accessible van service will also be available, and riders should seek station personnel for assistance.
• Service disruptions: Red Line service will be replaced by shuttle buses between Broadway, Quincy Center, and Ashmont from May 29-31; the Fall River/New Bedford, Kingston, and Greenbush Lines will originate and terminate at Braintree on May 9-10, requiring Red Line transfer between Braintree and South Station.",5,4,4
Quincy Center,service_alert_only,B,18,"• Accessibility status: All elevators and escalators are currently operational. However, from May 29-31, free and accessible shuttle buses will operate between Broadway & Quincy Center and between Broadway & Ashmont due to signal work; riders needing assistance should see station personnel.
• Service disruptions: Red Line service will be replaced by shuttle buses between Broadway, Quincy Center, and Ashmont from May 29-31. Additionally, on May 9-10, Greenbush, Kingston, and Fall River/New Bedford Line service will originate/terminate at Braintree, requiring Red Line transfer for South Station travel.",5,4,4
Quincy Center,service_alert_only,B,19,"• Accessibility status: All elevators and escalators are currently operational. However, from May 29-31, free and accessible shuttle buses will operate between Broadway & Quincy Center and between Broadway & Ashmont due to signal work; riders needing assistance should see station personnel.
• Service disruptions: Yes, Red Line service will be replaced by shuttle buses between Broadway, Quincy Center, and Ashmont from May 29-31, and between Broadway, JFK/UMass, and Ashmont beginning May 14 through May 18. Additionally, weekend service on the Fall River/New Bedford, Kingston, and Greenbush Lines will terminate at Braintree, requiring Red Line transfers.",4,3,3
Quincy Center,service_alert_only,B,20,"• Accessibility status: All elevators and escalators are currently operational. However, from May 29-31, free and accessible shuttle buses will operate between Broadway & Quincy Center and between Broadway & Ashmont, with accessible van service also available; riders should seek station personnel for assistance.
• Service disruptions: Red Line service will be replaced by shuttle buses between Broadway, Quincy Center, and Ashmont from May 29-31 and between Broadway, JFK/UMass, and Ashmont from May 14-18. Additionally, on the weekend of May 9-10, Greenbush, Kingston, and Fall River/New Bedford Line service will originate and terminate at Braintree.",4,3,3
Quincy Center,service_alert_only,C,1,"• Accessibility status: All elevators and escalators are currently operational, providing accessible routes throughout the station.
• Service disruptions: Red Line service will be replaced by shuttle buses between Broadway, Quincy Center, and Ashmont from May 29-31. Free and accessible shuttle buses and van service will be available; riders needing assistance should contact station personnel. Additionally, on the weekend of May 9-10, Greenbush, Kingston, and Fall River/New Bedford Line service will terminate at Braintree; use the Red Line for travel between Braintree and South Station.",5,4,4
Quincy Center,service_alert_only,C,2,"• Accessibility status: All elevators and the escalator are currently operational, so street-to-platform access should be available.
• Service disruptions: Red Line service will be replaced by shuttle buses between Broadway, Quincy Center, and Ashmont from May 29-31; accessible shuttle buses and van service will be provided. Additionally, Red Line service will be replaced by shuttle buses between Broadway and JFK/UMass from May 14 at 6:00 PM through May 18. On May 9-10, Greenbush, Kingston, and Fall River/New Bedford Line service will originate and terminate at Braintree; use the Red Line between Braintree and South Station.",5,4,4
Quincy Center,service_alert_only,C,3,"• Accessibility status: All elevators and escalators are currently operational, providing accessible routes street-to-platform.
• Service disruptions: Red Line service will be replaced by shuttle buses between Broadway, Quincy Center, and Ashmont from May 29-31; accessible shuttle buses and van service will be available. Additionally, Greenbush, Kingston, and Fall River/New Bedford lines will not serve Quincy Center on May 9-10 and will originate/terminate at Braintree; use the Red Line between Braintree and South Station. Route 220 will also be detoured due to construction.",4,3,2
Quincy Center,service_alert_only,C,4,"• Accessibility status: All elevators and escalators are currently operational, so street-to-platform access is available.
• Service disruptions: Red Line service will be replaced by shuttle buses between Broadway, Quincy Center, and Ashmont from May 29-31, and between Broadway, JFK/UMass, and Ashmont from May 14-18; accessible shuttle buses and van service will be available. Additionally, on May 9-10, Greenbush, Kingston, and Fall River/New Bedford Line service will terminate at Braintree; use the Red Line between Braintree and South Station. Route 220 will also be detoured due to construction.",4,3,2
Quincy Center,service_alert_only,C,5,"• Accessibility status: All elevators and escalators are currently operational, providing accessible access from street-to-platform.
• Service disruptions: Red Line service will be replaced by shuttle buses between Broadway, Quincy Center, and Ashmont from May 29-31. Accessible shuttle buses and vans will be available; seek assistance from station personnel. Additionally, on May 9-10, Greenbush, Kingston, and Fall River/New Bedford lines will terminate at Braintree, requiring use of the Red Line between Braintree and South Station.",5,4,4
Quincy Center,service_alert_only,C,6,"• Accessibility status: All elevators and escalators are currently operational. The station is accessible street-to-platform.
• Service disruptions: Red Line service will operate with shuttle buses replacing service between Broadway, Quincy Center, and Ashmont from May 29-31. Free and accessible shuttle buses and van service will be available; seek assistance from station personnel. Also, from May 14-18, a shuttle bus is needed between Broadway and JFK/UMass for Braintree branch riders. The Fall River/New Bedford, Kingston, and Greenbush lines will not serve Quincy Center on May 9-10; use Red Line service between Braintree and South Station.",5,4,3
Quincy Center,service_alert_only,C,7,"• Accessibility status: All elevators and the escalator are currently operational, providing accessible routes between platforms and the lobby.
• Service disruptions: Red Line service will be replaced by shuttle buses between Broadway, Quincy Center, and Ashmont from May 29-31; accessible shuttle buses and van service will be available. Additionally, on the weekend of May 9-10, Greenbush, Kingston, and Fall River/New Bedford Line service will originate and terminate at Braintree, requiring use of the Red Line for travel between Braintree and South Station.",5,4,3
Quincy Center,service_alert_only,C,8,"• Accessibility status: All elevators and escalators are currently operational, so street-to-platform access is generally accessible. However, from May 29-31, Red Line service will be replaced by free and accessible shuttle buses between Broadway, Quincy Center, and Ashmont. Accessible van service will also be available; riders should seek station personnel for assistance.
• Service disruptions: Red Line service will be replaced by shuttle buses between Broadway, JFK/UMass, and Ashmont beginning Thursday, May 14, through Monday, May 18, for signal work. Additionally, on the weekend of May 9-10, Greenbush, Kingston, and Fall River/New Bedford Lines will originate and terminate at Braintree; use the Red Line for service between Braintree and South Station. Route 220 will also be detoured due to construction impacting the Hingham Ferry Terminal.",4,3,3
Quincy Center,service_alert_only,C,9,"• Accessibility status: All elevators and escalators are currently operational. Street-to-platform access is available.
• Service disruptions: Red Line service will operate with shuttle buses replacing service between Broadway, Quincy Center, and Ashmont from May 29-31. Free and accessible shuttle buses and accessible van service will be available; riders should see station personnel for assistance. Additionally, on the weekend of May 9-10, Greenbush, Kingston, and Fall River/New Bedford Line service will originate and terminate at Braintree; use the Red Line for service between Braintree and South Station.",5,4,4
Quincy Center,service_alert_only,C,10,"• Accessibility status: All elevators and escalators are currently operational, providing accessible street-to-platform access.
• Service disruptions: Red Line service will operate with shuttle buses between Broadway, Quincy Center, and Ashmont from May 29-31 due to signal work; free and accessible shuttle buses and van service will be available. Additionally, from May 14-18, a shuttle bus will operate between Broadway and JFK/UMass affecting Braintree branch riders. On May 9-10, Greenbush, Kingston, and Fall River/New Bedford lines will not serve this station, and riders should use the Red Line for service between Braintree and South Station.",4,3,2
Quincy Center,service_alert_only,C,11,"• Accessibility status: All elevators and the escalator are currently operational, so street-to-platform access should be available.
• Service disruptions: Red Line service will be replaced by shuttle buses between Broadway, Quincy Center, and Ashmont from May 29-31 due to signal work; accessible shuttle buses and van service will be available. Additionally, on the weekend of May 9-10, the Fall River/New Bedford, Kingston, and Greenbush Lines will not serve Quincy Center, requiring riders to use the Red Line between Braintree and South Station.",5,4,3
Quincy Center,service_alert_only,C,12,"• Accessibility status: All elevators and escalators are currently operational. Riders should be able to access the station street-to-platform using the available elevators and escalator.
• Service disruptions: Red Line service will be replaced by shuttle buses between Broadway, Quincy Center, and Ashmont from May 29-31 due to signal work. Free and accessible shuttle buses and accessible van service will be available; riders should seek assistance from station personnel. Also, Red Line service between Broadway and JFK/UMass will be replaced by a shuttle bus May 14-18.",5,4,4
Quincy Center,service_alert_only,C,13,"• Accessibility status: All elevators and escalators are currently operational, so the station is accessible street-to-platform.
• Service disruptions: Red Line service will be replaced by shuttle buses between Broadway, Quincy Center, and Ashmont from May 29 - May 31 due to signal work. Free and accessible shuttle buses will operate, and accessible van service will be available; riders should seek station personnel for assistance. Additionally, the weekend of May 9-10, Greenbush, Kingston, and Fall River/New Bedford lines will originate and terminate at Braintree, requiring passengers to use the Red Line between Braintree and South Station.",4,3,3
Quincy Center,service_alert_only,C,14,"• Accessibility status: All elevators and the escalator are currently operational, so street-to-platform access should be available.
• Service disruptions: Red Line service will be replaced by shuttle buses between Broadway, Quincy Center, and Ashmont from May 29-31 due to signal work; accessible shuttle buses and van service will be available. Also, on the weekend of May 9-10, Greenbush, Kingston, and Fall River/New Bedford Line service will originate and terminate at Braintree; use the Red Line for travel between Braintree and South Station.",5,4,4
Quincy Center,service_alert_only,C,15,"• Accessibility status: All elevators and the escalator are currently operational, so street-to-platform access is available.
• Service disruptions: Red Line service will operate with shuttle buses replacing service between Broadway, Quincy Center, and Ashmont from May 29-31. Free and accessible shuttle buses and van service will be available; assistance can be obtained from station personnel. Also, Red Line service will operate with shuttle buses replacing service between Broadway, JFK/UMass, and Ashmont beginning at 6:00 PM on Thursday, May 14 through Monday, May 18.",5,4,4
Quincy Center,service_alert_only,C,16,"• Accessibility status: All elevators and escalators are currently operational. The station is accessible street-to-platform.
• Service disruptions: Red Line service will be replaced by shuttle buses between Broadway, Quincy Center, and Ashmont from May 29-31. Free and accessible shuttle buses will operate, and accessible van service will be available; riders should ask station personnel for assistance. Additionally, from May 14-18, a shuttle bus will be required between Broadway and JFK/UMass for Braintree branch riders. The Fall River/New Bedford, Kingston, and Greenbush Lines will not serve Quincy Center on May 9-10; use the Red Line between Braintree and South Station instead.",4,3,3
Quincy Center,service_alert_only,C,17,"• Accessibility status: All elevators and escalators are currently operational, providing accessible routes between the lobby and both the Red Line and Commuter Rail platforms.
• Service disruptions: Red Line service will be replaced by shuttle buses between Broadway, Quincy Center, and Ashmont from May 29-31 and between Broadway, JFK/UMass, and Ashmont from May 14-18; during these times, free and accessible shuttle buses and van service will be available—station personnel can assist with accessible van service. Additionally, on May 9-10, Greenbush, Kingston, and Fall River/New Bedford lines will terminate at Braintree; Red Line service can be used between Braintree and South Station.",4,3,3
Quincy Center,service_alert_only,C,18,"• Accessibility status: All elevators and escalators are currently operational, so street-to-platform access is available.
• Service disruptions: Red Line service will be replaced by shuttle buses between Broadway, Quincy Center, and Ashmont from May 29-31. Free and accessible shuttle buses will operate between Broadway & Quincy Center and between Broadway & Ashmont, with accessible van service also available.",5,4,4
Quincy Center,service_alert_only,C,19,"• Accessibility status: All elevators and escalators are currently operational, so access between street level and platforms is available.
• Service disruptions: Red Line service will be replaced by shuttle buses between Broadway, Quincy Center, and Ashmont from May 29-31 due to signal work; free and accessible shuttle buses and van service will be available. Additionally, Red Line service will be replaced by shuttle buses between Broadway and JFK/UMass from May 14 at 6:00 PM through May 18.",5,4,4
Quincy Center,service_alert_only,C,20,"• Accessibility status: All elevators and the escalator are currently operational, providing accessible routes street-to-platform.
• Service disruptions: Red Line service will be replaced by shuttle buses between Broadway, Quincy Center, and Ashmont from May 29-31 and between Broadway, JFK/UMass, and Ashmont from May 14-18; accessible shuttle buses and vans will be available. Additionally, on May 9-10, Greenbush, Kingston, and Fall River/New Bedford Line service will originate and terminate at Braintree, requiring riders to use the Red Line between Braintree and South Station. Route 220 will also be detoured due to construction, with altered stops.",4,3,2
Uphams Corner,clean,A,1,"Uphams Corner station currently provides accessible access from street to platform via a ramp (""Uphams Corner ramp access""). This ramp is currently operational, allowing riders who need it to reach the platform.

There are currently no service alerts affecting travel through Uphams Corner station.",4,5,3
Uphams Corner,clean,A,2,"Uphams Corner station currently offers accessible access from street to platform via a ramp, designated as ""Uphams Corner ramp access,"" which is operational. Riders should utilize this ramp for accessible navigation within the station.

There are currently no service alerts affecting travel through Uphams Corner station.",3,5,1
Uphams Corner,clean,A,3,"Uphams Corner station currently offers accessible access from street to platform via a ramp, designated ""Uphams Corner ramp access,"" which is operational. Riders should utilize this ramp to navigate the station.

There are currently no service alerts affecting travel through Uphams Corner station.",3,5,1
Uphams Corner,clean,A,4,"Uphams Corner station currently offers accessible access from street to platform via a ramp, designated ""Uphams Corner ramp access,"" which is operational. Riders should utilize this ramp to navigate the station.

There are no current service alerts affecting travel through Uphams Corner station.",3,5,2
Uphams Corner,clean,A,5,"Uphams Corner station currently offers accessible access from the street to the platform via a ramp, designated ""Uphams Corner ramp access,"" which is operational. Riders should utilize this ramp for accessible navigation within the station.

There are currently no service alerts affecting travel through Uphams Corner station.",3,5,1
Uphams Corner,clean,A,6,"Uphams Corner station currently offers accessible access from street to platform via a ramp. Riders can utilize the ""Uphams Corner ramp access"" which is currently operational.

There are no service alerts currently impacting accessibility at Uphams Corner station.",3,5,5
Uphams Corner,clean,A,7,"Uphams Corner station currently offers accessible access from street to platform via a ramp, designated ""Uphams Corner ramp access,"" which is operational. Riders should utilize this ramp to navigate the station.

There are no reported service alerts affecting travel through Uphams Corner station at this time.",3,5,1
Uphams Corner,clean,A,8,"Uphams Corner station is currently accessible from street to platform via a ramp, designated ""Uphams Corner ramp access,"" which is operational. Riders should utilize this ramp for accessible navigation within the station.

There are currently no service alerts affecting travel through Uphams Corner station.",3,5,3
Uphams Corner,clean,A,9,"Uphams Corner station currently offers accessible access from the street to the platform via a ramp. Riders can utilize the ""Uphams Corner ramp access"" which is currently operational.

There are no service alerts currently affecting travel through Uphams Corner station.",3,5,5
Uphams Corner,clean,A,10,"Uphams Corner station currently offers accessible access from street to platform via a ramp (""Uphams Corner ramp access""). This ramp is currently operational, allowing riders who need it to navigate the station.

There are currently no service alerts impacting accessibility at Uphams Corner station.",3,5,1
Uphams Corner,clean,A,11,"Uphams Corner station currently offers accessible access from street to platform via a ramp, designated ""Uphams Corner ramp access."" This ramp is reported as operational. 

There are currently no service alerts affecting travel through Uphams Corner station.",3,5,5
Uphams Corner,clean,A,12,"Uphams Corner station is currently accessible from street to platform via a ramp. Riders needing accessible access should utilize the ""Uphams Corner ramp access"" which is currently operational.

There are no service alerts currently affecting travel through Uphams Corner station.",5,5,5
Uphams Corner,clean,A,13,"Uphams Corner station currently offers accessible access from street to platform via a ramp, designated ""Uphams Corner ramp access."" This ramp is currently operational, allowing riders who rely on mobility devices to navigate the station.

There are no current service alerts affecting travel through Uphams Corner station.",3,5,1
Uphams Corner,clean,A,14,"Uphams Corner station currently offers accessible access from street to platform via a ramp, designated ""Uphams Corner ramp access."" This ramp is currently operational, allowing riders who need it to navigate the station.

There are no current service alerts affecting travel through Uphams Corner station.",3,5,1
Uphams Corner,clean,A,15,"Uphams Corner station currently offers accessible access from street to platform via a ramp, ""Uphams Corner ramp access,"" which is operational. Riders should utilize this ramp to navigate the station.

There are currently no service alerts impacting accessibility at Uphams Corner station.",3,5,2
Uphams Corner,clean,A,16,"Uphams Corner station currently provides accessible access from street to platform via a ramp. Riders needing accessible routes can utilize the ""Uphams Corner ramp access,"" which is currently operational.

There are no current service alerts affecting travel through Uphams Corner station.",3,5,3
Uphams Corner,clean,A,17,"Uphams Corner station currently offers accessible access from the street to the platform via a ramp (""Uphams Corner ramp access""). This ramp is currently operational, allowing riders who need it to navigate the station.

There are currently no service alerts affecting travel through Uphams Corner station.",3,5,1
Uphams Corner,clean,A,18,"Uphams Corner station currently offers accessible access from street to platform via a ramp. Riders can utilize the ""Uphams Corner ramp access,"" which is currently operational.

There are no current service alerts affecting travel through Uphams Corner station.",3,5,1
Uphams Corner,clean,A,19,"Uphams Corner station currently provides accessible access from street to platform via a ramp. Riders can utilize ""Uphams Corner ramp access"" to navigate the station.

There are no current service alerts affecting travel through Uphams Corner station.",5,5,5
Uphams Corner,clean,A,20,"Uphams Corner station is currently accessible from street to platform via a ramp. Riders can utilize ""Uphams Corner ramp access"" to navigate the station.

There are currently no service alerts affecting travel through Uphams Corner station.",5,5,5
Uphams Corner,clean,B,1,"• Accessibility status: Yes, the station is accessible street-to-platform via a ramp.
• Service disruptions: There are currently no service disruptions affecting travel through this station.",5,5,5
Uphams Corner,clean,B,2,"• Accessibility status: Yes, the station is accessible street-to-platform via a ramp.
• Service disruptions: There are currently no service disruptions affecting travel through this station.",5,5,5
Uphams Corner,clean,B,3,"• Accessibility status: Yes, the station is accessible street-to-platform via a ramp.
• Service disruptions: There are no current service disruptions affecting travel through this station.",5,5,5
Uphams Corner,clean,B,4,"• Accessibility status: Yes, the station is accessible street-to-platform via a ramp.
• Service disruptions: None reported.",5,5,5
Uphams Corner,clean,B,5,"• Accessibility status: Yes, the station is accessible street-to-platform via a ramp.
• Service disruptions: There are currently no service disruptions affecting travel through this station.",5,5,5
Uphams Corner,clean,B,6,"• Accessibility status: Yes, the station is accessible street-to-platform via a ramp.
• Service disruptions: There are currently no service disruptions affecting travel through this station.",5,5,5
Uphams Corner,clean,B,7,"• Accessibility status: Yes, street-to-platform access is accessible via a ramp.
• Service disruptions: There are no current service alerts affecting this station.",5,5,5
Uphams Corner,clean,B,8,"• Accessibility status: Yes, the station is accessible street-to-platform via a ramp.
• Service disruptions: There are currently no service disruptions affecting travel through Uphams Corner station.",5,5,5
Uphams Corner,clean,B,9,"• Accessibility status: Yes, the station is accessible street-to-platform via a ramp.
• Service disruptions: There are currently no service disruptions affecting travel through this station.",5,5,5
Uphams Corner,clean,B,10,"• Accessibility status: Yes, the station is accessible street-to-platform via a ramp.
• Service disruptions: There are no current service disruptions affecting travel through Uphams Corner station.",5,5,5
Uphams Corner,clean,B,11,"• Accessibility status: Yes, the station is accessible street-to-platform via a ramp.
• Service disruptions: There are currently no service disruptions affecting travel through this station.",5,5,5
Uphams Corner,clean,B,12,"• Accessibility status: Yes, the station is accessible street-to-platform via a ramp.
• Service disruptions: There are currently no service disruptions affecting travel through this station.",5,5,5
Uphams Corner,clean,B,13,"• Accessibility status: Yes, street-to-platform access is accessible via a ramp.
• Service disruptions: There are currently no service disruptions affecting travel through this station.",5,5,5
Uphams Corner,clean,B,14,"• Accessibility status: Yes, the station is accessible street-to-platform via a ramp.
• Service disruptions: None reported.",5,5,3
Uphams Corner,clean,B,15,"• Accessibility status: Yes, the station is accessible street-to-platform via a ramp.
• Service disruptions: There are no current service disruptions affecting travel through this station.",5,5,5
Uphams Corner,clean,B,16,"• Accessibility status: Yes, the station is accessible street-to-platform via a ramp.
• Service disruptions: There are no current service disruptions affecting travel through Uphams Corner station.",5,5,5
Uphams Corner,clean,B,17,"• Accessibility status: Yes, the station is accessible street-to-platform via a ramp.
• Service disruptions: None reported.",5,5,5
Uphams Corner,clean,B,18,"• Accessibility status: Yes, the station is accessible street-to-platform via a ramp.
• Service disruptions: None reported.",5,5,3
Uphams Corner,clean,B,19,"• Accessibility status: Yes, the station is accessible street-to-platform via a ramp.
• Service disruptions: None reported.",5,5,5
Uphams Corner,clean,B,20,"• Accessibility status: Yes, the station is accessible street-to-platform via a ramp.
• Service disruptions: There are currently no service disruptions affecting travel through this station.",5,5,5
Uphams Corner,clean,C,1,"• Accessibility status: Yes, the station is accessible street-to-platform via a ramp. Riders will experience a sloped pathway connecting the street to the train platform.
• Service disruptions: There are no current service disruptions affecting travel through Uphams Corner station.",5,5,5
Uphams Corner,clean,C,2,"• Accessibility status: Yes, Uphams Corner station is accessible street-to-platform via a ramp. Riders using mobility devices should expect a ramped pathway to access the platform.
• Service disruptions: There are currently no service alerts affecting travel through Uphams Corner station.",5,5,5
Uphams Corner,clean,C,3,"• Accessibility status: Yes, the station is accessible street-to-platform via a ramp. Riders will experience a sloped pathway connecting the street to the train platform.
• Service disruptions: There are currently no service disruptions affecting travel through Uphams Corner station.",5,5,5
Uphams Corner,clean,C,4,"• Accessibility status: Yes, Uphams Corner station is accessible street-to-platform via a ramp. Riders using mobility devices can expect a ramped pathway to access the train platforms.
• Service disruptions: There are currently no service alerts or disruptions affecting travel through Uphams Corner station.",5,5,5
Uphams Corner,clean,C,5,"• Accessibility status: Yes, Uphams Corner station offers ramp access from the street to the platform. Riders will experience a sloped pathway to reach the train.
• Service disruptions: There are currently no service disruptions affecting travel through Uphams Corner station.",5,5,5
Uphams Corner,clean,C,6,"• Accessibility status: Yes, the station is accessible street-to-platform via a ramp. Riders will experience a sloped pathway connecting the street to the platform level.
• Service disruptions: There are currently no service disruptions affecting travel through Uphams Corner station.",5,5,5
Uphams Corner,clean,C,7,"• Accessibility status: Yes, the station is accessible street-to-platform via a ramp. Riders using mobility devices will experience a sloped pathway connecting street level to the platform.
• Service disruptions: There are no current service alerts affecting travel through Uphams Corner station.",5,5,5
Uphams Corner,clean,C,8,"• Accessibility status: Yes, street-to-platform access is accessible via a ramp. Riders will experience a sloped pathway connecting the street to the train platform.
• Service disruptions: There are no current service disruptions affecting travel through Uphams Corner station.",5,5,5
Uphams Corner,clean,C,10,"• Accessibility status: Yes, the station is accessible street-to-platform via a ramp. Riders will experience a sloped pathway connecting the street to the train platform.
• Service disruptions: There are currently no service disruptions affecting travel through Uphams Corner station.",5,5,5
Uphams Corner,clean,C,9,"• Accessibility status: Yes, the station is accessible street-to-platform via a ramp. Riders will experience a sloped pathway connecting the street to the platform level.
• Service disruptions: There are currently no service disruptions affecting travel through Uphams Corner station.",5,5,5
Uphams Corner,clean,C,11,"• Accessibility status: Yes, the station is accessible street-to-platform via a ramp. Riders will experience a sloped pathway connecting the street to the platform level.
• Service disruptions: There are no current service alerts affecting travel through Uphams Corner station.",5,5,5
Uphams Corner,clean,C,12,"• Accessibility status: Yes, Uphams Corner station provides ramp access from the street to the platform. Riders will experience a ramp slope facilitating wheelchair or mobility device travel.
• Service disruptions: There are no current service alerts affecting travel through Uphams Corner station.",5,5,5
Uphams Corner,clean,C,13,"• Accessibility status: Yes, the station is accessible street-to-platform via a ramp. Riders will encounter a ramp providing access between the street and the train platform.
• Service disruptions: There are no current service disruptions affecting travel through Uphams Corner station.",5,5,5
Uphams Corner,clean,C,14,"• Accessibility status: Yes, street-to-platform access is accessible via a ramp. Riders will experience a sloped pathway connecting the street to the station platform.
• Service disruptions: There are no current service disruptions affecting travel through Uphams Corner station.",5,5,5
Uphams Corner,clean,C,15,"• Accessibility status: Yes, the station is accessible street-to-platform via a ramp. Riders will experience a sloped pathway connecting the street to the platform level.
• Service disruptions: There are currently no service alerts affecting travel through Uphams Corner station.",5,5,5
Uphams Corner,clean,C,16,"• Accessibility status: Yes, the station is accessible street-to-platform via a ramp. Riders will experience a sloped pathway connecting the street to the train platform.
• Service disruptions: There are no current service alerts affecting travel through Uphams Corner station.",5,5,5
Uphams Corner,clean,C,17,"• Accessibility status: Yes, Uphams Corner station has a ramp providing access from the street to the platform. Riders will experience a sloped pathway connecting the street level to the train platform.
• Service disruptions: There are currently no service disruptions affecting travel through Uphams Corner station.",5,5,5
Uphams Corner,clean,C,18,"• Accessibility status: Yes, Uphams Corner station has a ramp providing street-to-platform access and it is currently operational. Riders will experience a sloped pathway connecting the street to the train platform.
• Service disruptions: There are currently no service alerts or disruptions affecting travel through Uphams Corner station.",5,5,5
Uphams Corner,clean,C,19,"• Accessibility status: Yes, street-to-platform access is available via a ramp. Riders will experience a ramped pathway connecting the street to the platform level.
• Service disruptions: There are no current service disruptions affecting travel through Uphams Corner station.",5,5,5
Uphams Corner,clean,C,20,"• Accessibility status: Yes, the station is accessible street-to-platform via a ramp. Riders will experience a sloped pathway connecting the street to the train platform.
• Service disruptions: There are currently no service disruptions affecting travel through Uphams Corner station.",5,5,5
